keyword,language,topic,topicColor,keywordColor,limitPages,ratioNew
'Nebel Wetter',de,Hazard,#A03232,#ff4d4d,3,0.0270817727151779
'Nebel Vorhersage',de,Mitigation,#689F38,#33cc00,1,0.0104670426393363
'Nebel Schaden',de,Impacts,#FBC02D,#ffaa00,1,0.0060808679548824
'Nebel Verletzte',de,Impacts,#FBC02D,#e69900,1,0.0055607630067223204
'Nebel Klimawandel',de,Causes,#1E88E5,#4FC3F7,1,0.0050246899208897
'Nebel Tote',de,Impacts,#FBC02D,#b37700,1,0.0047305524838166
'Nebel Sichtweite',de,Hazard,#A03232,#ff8080,1,0.0039046622612074
'Nebel schlechte Sicht',de,Hazard,#A03232,#ff4d4d,1,0.0036451589899067
'Nebel Witterung',de,Hazard,#A03232,#ffb3b3,1,0.0032874686011594
'Nebel Auffahrunfall',de,Impacts,#FBC02D,#ffaa00,1,0.002615968013477
'Nebel Wasserdampf',de,Causes,#1E88E5,#004d80,1,0.0013873652935913
'Nebel Verkehrsunfall',de,Impacts,#FBC02D,#ffaa00,1,0.0013852832374544
'Nebel Nebelschlussleuchte',de,Adaptation,#689F38,#269900,1,0.000979010243771
'Nebeltage',de,Hazard,#A03232,#ff4d4d,1,8.176320307045925e-05
'Nebel Kondensation',de,Causes,#1E88E5,#80DEEA,1,3.601680852099288e-05
