,phrase,label,sentiment,subjectivity,language,count
Berlin,,,,,,
Brandenburg,,,,,,
Hessen,,,,,,
Bayern,,,,,,
Nebel,,,,,,
Rheinland-Pfalz,,,,,,
Saarland,,,,,,
Baden-Württemberg,,,,,,
Niedersachsen,,,,,,
Offenbach,,,,,,
lsw,,,,,,
Stuttgart,,,,,,
München,,,,,,
Bayerns,,,,,,
Freistaat,,,,,,
Sachsen,,,,,,
Nordrhein-Westfalen,,,,,,
Bergen,,,,,,
Deutschland,,,,,,
NRW,,,,,,
“,,,,,,
Alpen,,,,,,
Temperaturen,,,,,,
Sachsen-Anhalt,,,,,,
…,,,,,,
Glatteis,,,,,,
Thüringen,,,,,,
Deutschlands,,,,,,
Schneegriesel,,,,,,
lrs,,,,,,
Hessens,,,,,,
Regen,,,,,,
Bremen,,,,,,
Ukraine,,,,,,
Garmisch,,,,,,
Nebel am Morgen,,,,,,
Brandenburgs,,,,,,
Sprühregen,,,,,,
Niederungen,,,,,,
Texas,,,,,,
Wochenende,,,,,,
Österreich,,,,,,
Frankfurt,,,,,,
Winterjacke,,,,,,
Wochenmitte,,,,,,
Elbe,,,,,,
Hamburg,,,,,,
Schauern,,,,,,
Alpenrand,,,,,,
USA,,,,,,
Kalte Nebelsuppe,,,,,,
Baden-Württembergs,,,,,,
Schwarzenberg,,,,,,
Istanbul,,,,,,
Lkw,,,,,,
Wintersonne,,,,,,
Tag,,,,,,
Weihnachtswoche,,,,,,
Tal graue Suppe,,,,,,
Wolken,,,,,,
Autobahn 3,,,,,,
Bayerischen Wald,,,,,,
Frühlingsgefühle,,,,,,
Küste,,,,,,
Bodennähe,,,,,,
Schwarzwald,,,,,,
Herbstferien,,,,,,
Landes,,,,,,
Mecklenburg-Vorpommern,,,,,,
Garmisch-Partenkirchen,,,,,,
Vorarlberg,,,,,,
Sonne Lichtblicke,,,,,,
Rubihorn,,,,,,
Alpen-Sonne,,,,,,
Wetterkarten,,,,,,
Nebeliger,,,,,,
Wetterbericht,,,,,,
Massencrash,,,,,,
Hochnebel,,,,,,
Schrank,,,,,,
Vorpommern-Greifswald,,,,,,
Sonne,,,,,,
Wetterwechsel,,,,,,
Nebelfelder,,,,,,
Kalifornien,,,,,,
Glätte,,,,,,
d…,,,,,,
Wurzeralm,,,,,,
Unternehmensangaben,,,,,,
Thunder Bay,,,,,,
Hauptstadtflughafen BER,,,,,,
Flughafen,,,,,,
Türkei,,,,,,
Warnstreiktag,,,,,,
Obertshausen,,,,,,
Dienstag Regen,,,,,,
Oberbayern,,,,,,
Frontalcrash,,,,,,
Oberschwaben,,,,,,
Markgräfler Land,,,,,,
Aschaffenburg,,,,,,
Berchtesgaden,,,,,,
Enteisungszeiten,,,,,,
Sturmböen,,,,,,
SZ,,,,,,
Mittelgebirgen,,,,,,
Winterwetter,,,,,,
Mexiko,,,,,,
Alpenrand die Sonne,,,,,,
texanischen Küste,,,,,,
Frost,,,,,,
Sonne am Wochenende,,,,,,
Harz,,,,,,
Nebelschleier,,,,,,
Dreikönigstag,,,,,,
Autobahn 7,,,,,,
Erfurt,,,,,,
Unfälle,,,,,,
Schleswig-Holstein,,,,,,
den USA,,,,,,
Schwabens,,,,,,
Regenjacke,,,,,,
Russland,,,,,,
Österreichs,,,,,,
Courchevel,,,,,,
bayerischen Alpen,,,,,,
Donau,,,,,,
Minusgrade,,,,,,
Rheintal,,,,,,
Wetter-Vorhersage,,,,,,
Herbst,,,,,,
Pokrowsk,,,,,,
Sonnenschein,,,,,,
Kanadas,,,,,,
Amerikaner,,,,,,
Supermond,,,,,,
Böen im Schwarzwald,,,,,,
Grau,,,,,,
Leichter Regen,,,,,,
Estland,,,,,,
Rutschpartie,,,,,,
Jänner,,,,,,
Landesteilen,,,,,,
Bergnot,,,,,,
Bundeslandes,,,,,,
Hochkogelhaus,,,,,,
Wien,,,,,,
A7,,,,,,
Tag des Warnstreiks,,,,,,
Tem…,,,,,,
Golden State Highway,,,,,,
Highway 99,,,,,,
La…,,,,,,
s…,,,,,,
Sonne am Tag,,,,,,
Wochenwechsel,,,,,,
Mittelschwaben,,,,,,
Dauereinsatz,,,,,,
Tote Gebirge,,,,,,
gefrierender Regen,,,,,,
Großen Scheiblingkogel,,,,,,
Schnee,,,,,,
Neiße,,,,,,
Föhn,,,,,,
Alpennähe,,,,,,
Mittelbaden,,,,,,
Dreikönigstag winterlich,,,,,,
Schwaben,,,,,,
Papenburg,,,,,,
Wettervorschau,,,,,,
Lübeck,,,,,,
Überraschungen,,,,,,
Tagen in Bayern,,,,,,
Hohenems,,,,,,
Kandahar-Strecke,,,,,,
Sicherheitsgründen,,,,,,
A14,,,,,,
Belarus,,,,,,
Sonnenmomente,,,,,,
Flüchtlingen,,,,,,
Tag der …,,,,,,
Donautal,,,,,,
Isartal,,,,,,
Lechtal,,,,,,
Waldidylle,,,,,,
A14…,,,,,,
Regensburg,,,,,,
Husum,,,,,,
Straubing,,,,,,
Büsum,,,,,,
Lechfeld,,,,,,
Kaltfront,,,,,,
freundlich,,,,,,
Nachtstunden,,,,,,
Nebelsuppe,,,,,,
Gewitterrisiko,,,,,,
Pushbacks,,,,,,
Bottrop,,,,,,
Bunde,,,,,,
Streusalz,,,,,,
Anmarsch,,,,,,
Tschechien,,,,,,
geflog…,,,,,,
Wochenende sonnig,,,,,,
Dienstagnachmittag,,,,,,
Bezirk Gmunden,,,,,,
Leipzig,,,,,,
Offensee,,,,,,
Rettung im Toten Gebirge,,,,,,
Wochenend-Wetter,,,,,,
W…,,,,,,
kanadische Stadt,,,,,,
Südwe…,,,,,,
Cha…,,,,,,
Sonntagnachmittag,,,,,,
Bezirk Kirchdorf,,,,,,
Schrocken,,,,,,
Straße,,,,,,
Lastkahn,,,,,,
Tour,,,,,,
Hannover/Bremen,,,,,,
Nordos…,,,,,,
A11,,,,,,
Olympia,,,,,,
nebelgrauen Piste,,,,,,
Cortina,,,,,,
Tofana di Mezzo,,,,,,
Olympia-Piste,,,,,,
Frankfurter Pyro-Aktion,,,,,,
noc…,,,,,,
Sch…,,,,,,
Sonnenstrahlen,,,,,,
Stadt,,,,,,
Weihnachtstage,,,,,,
Narva,,,,,,
British Columbia,,,,,,
Militärhauptquartier,,,,,,
Belgorod,,,,,,
Tass,,,,,,
US-Präsident,,,,,,
Donezk,,,,,,
Tschernihiw,,,,,,
Ölterminal,,,,,,
Militärkanal Deep State,,,,,,
Trump-Treffen,,,,,,
Ungarn,,,,,,
Odessa,,,,,,
Wagner-Flagge,,,,,,
Saporischschja,,,,,,
Super-Grizzlys,,,,,,
Behördenangaben,,,,,,
Bremer Flughafen,,,,,,
Südtirol,,,,,,
Ortler-Gebirge,,,,,,
Lärchen,,,,,,
Brüssel,,,,,,
Hochlagen,,,,,,
Mond,,,,,,
Donau-Nebel,,,,,,
Novemberwetter in,,,,,,
Vogtland,,,,,,
Altersheim,,,,,,
Gamingprozessoren,,,,,,
Bären-Safari,,,,,,
Wetter-App,,,,,,
bb,,,,,,
Essen,,,,,,
Felssturz am Rubihorn,,,,,,
Nordseeinseln,,,,,,
Brocken,,,,,,
Holzhandel,,,,,,
Bundesstraße 45,,,,,,
Südhessen,,,,,,
Groß-Umstadt,,,,,,
Lkw-Brand,,,,,,
A3,,,,,,
Hanauer Tafel,,,,,,
Morgenstunden,,,,,,
Sichtweit…,,,,,,
Britischen Inseln,,,,,,
k…,,,,,,
Kreis Gießen,,,,,,
Steuer,,,,,,
Baden-Württemberg te,,,,,,
Stau-Alarm,,,,,,
Stau,,,,,,
Staualarm,,,,,,
Feldberg,,,,,,
Feldberg w…,,,,,,
Staatstheater Mainz,,,,,,
Mainz,,,,,,
Zwischenstopp,,,,,,
Paris,,,,,,
Hirschhorn-Tunnel,,,,,,
Wiesbaden,,,,,,
Potsdam,,,,,,
Meteorologen,,,,,,
Böen,,,,,,
F.A.Z.-Hauptwache,,,,,,
Wettenberg,,,,,,
Höchstwerte,,,,,,
Allgäu,,,,,,
Temperat…,,,,,,
Geosphere-Prognose,,,,,,
Mitteldeutschland,,,,,,
lhe,,,,,,
Lichtblick am Sonntag,,,,,,
Adventswochenende,,,,,,
Rhein-Main,,,,,,
Medikamentenstudien,,,,,,
Uniklinken,,,,,,
Reich-Ranicki-Platz,,,,,,
Nebelrekord,,,,,,
Offenbach/Main,,,,,,
Hörsching,,,,,,
Bezirk Linz-Land,,,,,,
Windorf,,,,,,
Landkreis Passau,,,,,,
Niederösterreichs,,,,,,
Eisenstadt,,,,,,
Klagenfurter Becken,,,,,,
Linz,,,,,,
Vorarlberger,,,,,,
Fest,,,,,,
Flugzeugabsturz,,,,,,
US-Küste,,,,,,
Galveston,,,,,,
Hessen…,,,,,,
Ensembles,,,,,,
Gepäck,,,,,,
Abblendlicht,,,,,,
Potsdam/Berlin,,,,,,
Mainz/Saarbrücken,,,,,,
Wetterwoche,,,,,,
Jo-Jo,,,,,,
Berl…,,,,,,
Gegenvorwürfe,,,,,,
Fährfrau,,,,,,
Unfallrisiko,,,,,,
Oberösterreich,,,,,,
Verkehrsunfällen,,,,,,
Oberösterreichs,,,,,,
Ostbrandenburg,,,,,,
Salzburg,,,,,,
Licht-Fallen,,,,,,
Darmstadt,,,,,,
Nebelleuchten,,,,,,
Kammerjäger,,,,,,
Fulda,,,,,,
Kreis Offenbach,,,,,,
Samstagabend,,,,,,
Weihnachtsmarkt,,,,,,
Franken,,,,,,
Alpengebiet,,,,,,
Nebel im Rheintal,,,,,,
Ingenried,,,,,,
Landkreis Weilheim-Schongau,,,,,,
Rhein-Main-Liveblog,,,,,,
B42,,,,,,
Rinnerhütte,,,,,,
