0,1,2,3,4,word,summary
4422.390793818577,2.691408137536587,0.00011707932536841881,2.4387012431126287e-05,-2.3358139859430693e-05,summaryOfAllWords,3960.6996727635074
-8.80496652653463,0.9305134097688224,-0.013595146997781124,-0.005135842073593119,0.009926131247424242,Alpen,4.153423179561426
-8.700357954439232,0.8778162890341081,-0.014719767972063404,-0.004619997712647601,0.009194678666230003,Felssturz,4.270552438023449
-8.700357954439232,0.8778162890341081,-0.014719767972063404,-0.004619997712647601,0.009194678666230003,alpen fels+sturz,4.270552438023449
-4.635520739364068,-1.171992956433796,-0.06351963141183468,0.051713893573073974,-0.021733336550877506,Rubihorn,8.82283165881796
-8.447447991354453,0.750405446518426,-0.01720361749749284,-0.0034728319392820974,0.0075642633204962145,fels+sturz rubihor+n,4.553736686705034
-8.133037302075968,0.5920025236577651,-0.0198967972867425,-0.002216805462547119,0.005773527692071064,Wege,4.905788609592386
-8.133037302075968,0.5920025236577651,-0.0198967972867425,-0.002216805462547119,0.005773527692071064,rubihor+n weg+e,4.905788609592386
-7.936548520188176,0.4930058371189334,-0.02139362286696657,-0.0015133579331382402,0.004768273328180438,bleiben,5.125803194144696
-7.936548520188176,0.4930058371189334,-0.02139362286696657,-0.0015133579331382402,0.004768273328180438,weg+e bleib+en,5.125803194144696
-7.492987013948359,0.26951914219839956,-0.024342228017046275,-0.00011699953525381307,0.002768529429217112,vorerst,5.622477232978579
-7.492987013948359,0.26951914219839956,-0.024342228017046275,-0.00011699953525381307,0.002768529429217112,bleib+en vorerst,5.622477232978579
-5.439563334666231,-0.7651486889136945,-0.03305816421805348,0.004066929746334716,-0.003237372884783025,gesperrt,7.9218181933517124
-6.706350695668144,-0.1268402514704099,-0.028449243821252225,0.0018481249785102377,-5.259927928831856e-05,vorerst ge+sperr+t,6.503316009040502
119.7353710301125,-63.83080961174245,0.08176148347867584,-0.07983494212507677,0.1350307615166801,Nebel,148.08627888953404
-3.9008507605318687,-1.540478748574857,-0.03663163723722112,0.005766175098900616,-0.0056558187118478515,ge+sperr+t nebel,9.644819142809112
-2.3092453178336836,-2.342453990338646,-0.038920096240257135,0.006802624890453285,-0.007093819229699776,blockiert,11.427048458327548
-2.3092453178336836,-2.342453990338646,-0.038920096240257135,0.006802624890453285,-0.007093819229699776,nebel blockier+t,11.427048458327548
1.241610345294001,-4.156972665488627,-0.11870494249103367,-0.176992625924675,-0.19710654005249775,Sicht,15.414395296258297
-4.639711225811984,-1.1806703624208268,-0.09980614368165178,-0.12442985829254949,-0.1345734953337561,blockier+t sicht,8.822945530768859
-5.42937248040836,-0.7733114275837112,-0.07889396596133855,-0.0292077983122179,-0.07269383272180349,Warum,7.934474860787043
-5.42937248040836,-0.7733114275837112,-0.07889396596133855,-0.0292077983122179,-0.07269383272180349,sicht warum,7.934474860787043
-5.751740816689214,-0.6111612307094352,-0.09136295493732005,0.03835370566950976,-0.062447178306981946,Experten,7.573568501223663
-5.751740816689214,-0.6111612307094352,-0.09136295493732005,0.03835370566950976,-0.062447178306981946,warum experte+n,7.573568501223663
-3.578511933358641,-1.7562087408626552,-0.2151627464019076,0.342689520436422,-0.0968062709004889,Schaden,10.029154695401477
-5.705586016803653,-0.6739259014319456,-0.20000072543147493,0.3056939245127338,-0.09438270843020707,experte+n schaden,7.642645107810071
-6.527391413804675,-0.2194308421796065,-0.06838077835126738,0.06657876089571751,-0.024239140735309778,schaden rubihor+n,6.704667206366292
-6.722152973134704,-0.1200707969381738,-0.0556101128538405,0.04451611775543847,-0.017243897774242668,aktuell,6.486069673572249
-6.722152973134704,-0.1200707969381738,-0.0556101128538405,0.04451611775543847,-0.017243897774242668,rubihor+n aktuell,6.486069673572249
-7.459002920645814,0.250836201986508,-0.0599354659138108,0.05199690370718138,-0.02117438391492481,Ferne,5.66111883577713
-7.459002920645814,0.250836201986508,-0.0599354659138108,0.05199690370718138,-0.02117438391492481,aktuell ferne,5.66111883577713
-7.566935458251319,0.30554893921485693,-0.05561342004465264,0.04581939065247377,-0.018451303223393556,einschätzen,5.540125031768516
-7.566935458251319,0.30554893921485693,-0.05561342004465264,0.04581939065247377,-0.018451303223393556,ferne ein+schätz+en,5.540125031768516
-7.690371287425631,0.368853020117589,-0.03207407849139801,0.011913448016858333,-0.0026417781164082867,Wanderer,5.401481923282107
-7.690371287425631,0.368853020117589,-0.03207407849139801,0.011913448016858333,-0.0026417781164082867,ein+schätz+en wanderer,5.401481923282107
-8.844946136048517,0.9506528911004,-0.013148721506980723,-0.00533999620056869,0.010215316511992058,bedeutet,4.108658621168852
-8.844946136048517,0.9506528911004,-0.013148721506980723,-0.00533999620056869,0.010215316511992058,wanderer bedeut+et,4.108658621168852
4.775091056732464,-5.9118328523856984,-0.03514806654763447,0.006779199805434539,-0.008427828820180266,Kopiere,19.35977166034482
3.9449784671704187,-5.493513880849816,-0.03232718980837565,0.007200928537155322,-0.00892730197815991,aktuellen,18.430217883735914
3.9449784671704187,-5.493513880849816,-0.03232718980837565,0.007200928537155322,-0.00892730197815991,kopier+e aktuell+en,18.430217883735914
4.134972957893748,-5.589192984704482,-0.030033609971151953,0.007398657071668425,-0.0089502234089559,Link,18.642946073028234
4.134972957893748,-5.589192984704482,-0.030033609971151953,0.007398657071668425,-0.0089502234089559,aktuell+en link,18.642946073028234
4.515526740127211,-5.7809070678065275,-0.02871471306168295,0.00746135985025582,-0.008842448861097888,Zur,19.069063642981607
4.515526740127211,-5.7809070678065275,-0.02871471306168295,0.00746135985025582,-0.008842448861097888,link zu,19.069063642981607
4.8991125537725395,-5.974158785898034,-0.027870695882048845,0.007466311857976825,-0.008700136356854977,Merkliste,19.498580372008256
4.8991125537725395,-5.974158785898034,-0.027870695882048845,0.007466311857976825,-0.008700136356854977,zu merk+liste,19.498580372008256
6.5724974865359265,-6.817250404869474,-0.02594788548098844,0.007210498581448585,-0.007868729310951906,hinzufügen,21.37235219822401
5.267464330063614,-6.159696835872047,-0.025105318834152623,0.007629825821267895,-0.008668128249489666,merk+liste hin+zu+füg+en,19.91102351521594
1.9289330864019494,-4.477933089173165,-0.04128775235187496,0.007569410444644798,-0.007944379257425508,hin+zu+füg+en nebel,16.172815159375777
-9.355377866659543,1.207824706168889,-0.019755806304702823,0.010360112986625813,0.005115285700954861,bedeutet…,3.5370753452189403
-9.355377866659543,1.207824706168889,-0.019755806304702823,0.010360112986625813,0.005115285700954861,wanderer bedeutet…,3.5370753452189403
-9.40642319605372,1.2335535020626305,-0.017523932896051954,0.007869457037171495,0.006579585712624635,+1190,3.4799190525737496
-9.40642319605372,1.2335535020626305,-0.017523932896051954,0.007869457037171495,0.006579585712624635,bedeutet… +1190,3.4799190525737496
3.4509719528042933,-5.244527197920988,-0.026529749012555812,0.01027161495255636,-0.010580754121650614,chars,17.87701509771821
-9.43187963848801,1.2463813532929033,-0.016447732411534598,0.006700119958855078,0.007287031050266471,+1190 chars,3.451416351031894
-4.806723503335912,-1.084025825088451,-0.03473626031841411,0.0048706007232342365,-0.004385705594339222,Wettervorhersage,8.63045154726985
1.9289330864019494,-4.477933089173165,-0.04128775235187496,0.007569410444644798,-0.007944379257425508,wetter+vorhersage nebel,16.172815159375777
9.852017490363533,-8.469584740660183,-0.023814727527136547,0.005244880293224712,-0.006643452842808435,Frost,25.044606540527166
-0.32985779503049883,-3.33981071537386,-0.040527611652570905,0.007434631596250315,-0.007902930503316242,nebel frost,13.643501045728375
-7.420299372995491,0.23289498792865038,-0.024776143426433934,8.960460389474678e-05,0.0024722323650279224,Berlin/Potsdam,5.703869035663194
-7.420299372995491,0.23289498792865038,-0.024776143426433934,8.960460389474678e-05,0.0024722323650279224,frost berlin/potsdam,5.703869035663194
0.02497851248148386,-3.5181400616656604,0.02524546564896387,0.012380617187361767,-0.012713712979600143,Berlin,14.040693674235525
-7.420299372995491,0.23289498792865038,-0.024776143426433934,8.960460389474678e-05,0.0024722323650279224,berlin/potsdam berlin,5.703869035663194
-1.5048379588954361,-2.747406694423294,0.02600960155321467,0.011994880272870262,-0.012253178264181687,Brandenburg,12.327698817028924
-1.5048379588954361,-2.747406694423294,0.02600960155321467,0.011994880272870262,-0.012253178264181687,berlin brandenburg,12.327698817028924
-1.3733458350582683,-2.8136762999380145,0.02786430835321598,0.012186393872506416,-0.012454009674151778,nächsten,12.474947827273445
-4.297749750066561,-1.3410468643155524,0.059261816367882796,0.01244831904240626,-0.01198987800342596,brandenburg nächst+en,9.200731220811978
2.130312129438943,-4.578781711550292,0.0026301257074410785,0.007638300004670732,-0.014477167250210865,Tagen,16.3980763518623
-1.717212947141455,-2.6403911105189644,0.024374881631514973,0.011780994487207723,-0.01201899160764414,nächst+en tag+en,12.089883892403481
-4.74735197548188,-1.1136724209187596,-0.013601901618817433,0.006492273419765199,-0.005983486777659515,trocken,8.696834049413626
-7.281989809951238,0.16331648448478298,0.008158905789543165,0.002915705291094854,-0.00043268114239472175,tag+en trocken,5.858725680006289
-7.405219019507768,0.2254033115837335,0.006850232191609965,0.0024318897605874242,0.00019247612091228758,mild,5.720739341223233
-7.405219019507768,0.2254033115837335,0.006850232191609965,0.0024318897605874242,0.00019247612091228758,trocken mild,5.720739341223233
0.17243205089013536,-3.5933240471322114,-0.042287511380502615,-0.016313052528767705,-0.0333406085905989,Wie,14.206124005251837
-5.896896598414485,-0.5344884356229676,-0.01086346573025753,0.003915525082438434,-0.004733223543063728,Deutsche,7.4096343299471625
-6.569639500182221,-0.195534304189954,-0.00497750073525848,0.0038864292964381547,-0.0021556929369387426,wie deutsch+e,6.656337955665065
-5.286393739215681,-0.8421027647087662,-0.015448409719146322,0.0055931651331875285,-0.004809023426367329,Wetterdienst,8.093249233659893
-6.660768846085552,-0.14962424302213773,-0.005561281524630195,0.003623747465853062,-0.0018120582123414518,deutsch+e wetter+dienst,6.554297487913725
3.9814024370002095,-5.5114057054563705,0.00202032684899299,0.010533724366054273,-0.010541857509555271,DWD,18.47083193000635
-6.782737546682716,-0.08817294239881557,-0.0017287768222138192,0.003597467179507009,-0.001662020150430727,wetter+dienst dwd,6.417727789967435
-7.726144971604599,0.38703822392810183,0.01257325492928174,0.001746501080249591,0.0013000246009507825,mitteilte,5.3614168890418155
-7.726144971604599,0.38703822392810183,0.01257325492928174,0.001746501080249591,0.0013000246009507825,dwd mit+teil+te,5.3614168890418155
-4.150892524931013,-1.414191069879847,-0.014219597174922279,0.007150370649769613,-0.006895475653354008,bleibt,9.364719098642851
-7.785453853120028,0.41683872228305585,0.020168954788776457,0.0020807573264912064,0.0010646722593204497,mit+teil+te bleib+t,5.295050504699472
-9.482421895111148,1.2711083021345766,0.04427898201789009,-0.005758038918855596,0.012350264795395756,bleib+t kopier+e,3.3952407134203613
-9.540267471723988,1.2939392151932876,0.15552800117933369,0.0018798537630389956,0.005085539616549575,hin+zu+füg+en frost,3.3334223434829156
0.6848284669103091,-3.8505047482471544,0.0139318854243209,0.011624577255031797,-0.011965868304649858,Morgen,14.779509718294653
-5.466155759865529,-0.7531060015965902,0.07775627584695521,0.012224618122654057,-0.011149603878365017,frost morgen,7.892763014989439
-5.7241691134653685,-0.6260390651170678,0.1292348502349431,0.01568580599055395,-0.014378645188541182,milde,7.605222733468917
-5.7241691134653685,-0.6260390651170678,0.1292348502349431,0.01568580599055395,-0.014378645188541182,morgen milde,7.605222733468917
-4.1866522953965895,-1.4033428601965494,0.1640822465833902,0.020597247693599614,-0.02006746451811057,Grad,9.328081626253232
-5.846637050290794,-0.573500530955505,0.22228215639007687,0.022694875497633087,-0.021251771065241523,milde grad,7.47230611794431
-5.808364474702379,-0.6126777124880882,0.34367613654876955,0.03257011644820253,-0.031229809605195794,Tag,7.524232909381448
-5.808364474702379,-0.6126777124880882,0.34367613654876955,0.03257011644820253,-0.031229809605195794,grad tag,7.524232909381448
-0.46037723067617975,-3.289268299949972,0.2440843017048446,0.029296003448699072,-0.029474159065178064,Die,13.504483498659784
-5.629832609226892,-0.7331600657111892,0.4687263115785077,0.04346529230366694,-0.04250852250055649,tag der,7.738003246422222
12.870056980634526,-10.044630094555025,0.4577857363013973,0.039252181752393554,-0.04695745350566678,Vorhersage,28.449041809527934
-5.1880787135867505,-1.0219041784298781,0.6557695043454754,0.06098246113990341,-0.06106853684243713,der vorhersage,8.26261022886752
-6.389077398317818,-0.31335878961686214,0.30777059713394317,0.028382782311477856,-0.026546802263322136,Deutschen,6.870915612959492
-6.389077398317818,-0.31335878961686214,0.30777059713394317,0.028382782311477856,-0.026546802263322136,vorhersage deutsch+en,6.870915612959492
-6.682531146909472,-0.15429340903164723,0.23612648578495168,0.021918850093968056,-0.01978617310707355,Wetterdienstes,6.5372058105472775
-6.682531146909472,-0.15429340903164723,0.23612648578495168,0.021918850093968056,-0.01978617310707355,deutsch+en wetter+dienst+es,6.5372058105472775
-6.767547872710762,-0.09800019163633023,0.08840696377249602,0.010312266530748605,-0.008212766125832728,wetter+dienst+es dwd,6.435805455441409
-6.279326214134505,-0.3432536035359126,0.07277403344561756,0.010298562852442909,-0.008655891310823343,dwd berlin,6.98214569431755
-9.81141837886298,1.4340458448061286,0.10726052565131625,-0.004311701795458865,0.012064652670188646,Be…,3.028187661575609
-9.819847590082997,1.4385095262992031,0.1035658869398611,-0.004669729026721574,0.012444616927714897,+822,3.0186480022847775
-9.819847590082997,1.4385095262992031,0.1035658869398611,-0.004669729026721574,0.012444616927714897,be… +822,3.0186480022847775
-9.827952458647774,1.4427875398689,0.10013100348291967,-0.005005494222469285,0.012801680634903945,+822 chars,3.009481792556919
-4.978147594139303,-0.9976481690542172,-0.03431413978069858,0.004669066565351882,-0.004098277426856985,möglich,8.438496374599387
-7.420299372995491,0.23289498792865038,-0.024776143426433934,8.960460389474678e-05,0.0024722323650279224,frost möglich,5.703869035663194
-7.936548520188176,0.4930058371189334,-0.02139362286696657,-0.0015133579331382402,0.004768273328180438,Eisige,5.125803194144696
-7.936548520188176,0.4930058371189334,-0.02139362286696657,-0.0015133579331382402,0.004768273328180438,möglich eisig+e,5.125803194144696
-8.200346903406647,0.6259144115080146,-0.019352911283570525,-0.002471469617341796,0.00613705313429402,Nächte,4.830420312287715
-8.200346903406647,0.6259144115080146,-0.019352911283570525,-0.002471469617341796,0.00613705313429402,eisig+e nacht+e,4.830420312287715
-8.470493768341862,0.762015747888706,-0.016989950487612183,-0.003571939786563413,0.007705319909082849,nacht+e berlin,4.527932073022427
3.4603091847456415,-5.249428699389501,-0.03743258602410195,0.007700871465866662,-0.007875584588816787,erwartet,17.887552074675053
-8.837203554181636,0.9467372483231833,0.008406115489293417,-0.003749281593932261,0.00866634168536145,brandenburg erwart+et,4.117356734160125
-6.838959778494636,-0.06002210754411319,-0.027839054648674595,0.0015549658412829168,0.00036855081178936364,erwart+et frost,6.354825913044285
-4.369477990103993,-1.3042377912580458,-0.027414045204436674,-0.0011677734685311726,-0.013228514882272564,kommenden,9.120020590866616
-8.961173054273766,1.0090692594222996,0.01981760698023225,-0.003691013143011441,0.008906263979333931,bleib+t komm+end+en,3.978612792850318
-8.987358595046246,1.0222703470353818,0.018784916446882106,-0.003932896805499891,0.009204331079552666,beiden,3.949287305039399
-8.987358595046246,1.0222703470353818,0.018784916446882106,-0.003932896805499891,0.009204331079552666,komm+end+en beide+n,3.949287305039399
-9.00497803038728,1.0311522803337374,0.018116527417837605,-0.0040949712825869705,0.009404655737823637,Nächten,3.9295554273691606
-9.00497803038728,1.0311522803337374,0.018116527417837605,-0.0040949712825869705,0.009404655737823637,beide+n nacht+en,3.9295554273691606
-9.036264512167477,1.0469225154833581,0.0169811472533105,-0.004381541810349176,0.009760042695173256,frostig,3.894518538857903
-9.036264512167477,1.0469225154833581,0.0169811472533105,-0.004381541810349176,0.009760042695173256,nacht+en frostig,3.894518538857903
-9.078945396253285,1.068433847868298,0.015535991766018227,-0.004770279073753873,0.010244539425085554,minus,3.8467225437492574
-9.078945396253285,1.068433847868298,0.015535991766018227,-0.004770279073753873,0.010244539425085554,frostig minus,3.8467225437492574
-9.91310637031802,1.4883378487158847,0.025855441003604818,-0.011257556041761263,0.01918220149071447,Gra…,2.9128666967454038
-9.91310637031802,1.4883378487158847,0.025855441003604818,-0.011257556041761263,0.01918220149071447,minus gra…,2.9128666967454038
-9.919034378180024,1.4913279041684278,0.025488564053719583,-0.01134962177699251,0.019294576169864176,+916,2.9062270980060974
-9.919034378180024,1.4913279041684278,0.025488564053719583,-0.01134962177699251,0.019294576169864176,gra… +916,2.9062270980060974
-9.923874434746214,1.493769032210896,0.025195836681731386,-0.011424500462058514,0.0193861056237782,+916 char+s,2.9008061310710094
-6.838959778494636,-0.06002210754411319,-0.027839054648674595,0.0015549658412829168,0.00036855081178936364,frost frost,6.354825913044285
-9.856571872453086,1.460019933192884,0.014876139433731637,-0.011417209955844283,0.019112592994838484,Grad.…,2.9760838595282473
-9.856571872453086,1.460019933192884,0.014876139433731637,-0.011417209955844283,0.019112592994838484,minus grad.…,2.9760838595282473
-9.866141411506828,1.4648395236647993,0.014685967363034541,-0.011533250089064001,0.019261415681732275,+722,2.9653692577715356
-9.866141411506828,1.4648395236647993,0.014685967363034541,-0.011533250089064001,0.019261415681732275,grad.… +722,2.9653692577715356
-9.871962319553063,1.4677710805475284,0.0145753346279612,-0.011603799178685821,0.01935200527865093,+722 char+s,2.958851878043614
-6.958607412012569,0.0002648556171900296,-0.027262493468212527,0.0012782888192403152,0.0007659694694255245,Sturmflut,6.22084968274966
-3.9008507605318687,-1.540478748574857,-0.03663163723722112,0.005766175098900616,-0.0056558187118478515,sturm+flut nebel,9.644819142809112
-6.1382807867606495,-0.4179525546144087,-0.07855580253463379,0.10533031011267201,-0.021354089993953183,Verletzte,7.141448773522874
-6.1382807867606495,-0.4179525546144087,-0.07855580253463379,0.10533031011267201,-0.021354089993953183,nebel verletz+t+e,7.141448773522874
-4.521386799825102,-1.2281685178355404,-0.044063993483824476,0.023737259195338166,-0.008386244484662686,Orkantief,8.950097798707557
-7.5685378418200076,0.3071814456761617,-0.037661931277453264,0.02935259190059391,-0.0025504576437535426,verletz+t+e orkan+tief,5.5380142559264245
-4.723504008466082,-1.1261024998393383,-0.039224030129381166,0.014148869241840889,-0.006277576001181518,Detlef,8.723688139812513
-4.723504008466082,-1.1261024998393383,-0.039224030129381166,0.014148869241840889,-0.006277576001181518,orkan+tief detlef,8.723688139812513
-6.512754950941151,-0.22448132069128013,-0.033520958436703815,0.01134090972653703,-0.0023631258108610335,fegt,6.720124102083926
-8.297782023695763,0.674953779075989,-0.024993311170060414,0.011106073052647969,0.004048320016982708,detlef feg+t,4.721320294529744
-6.221096795130895,-0.3715820187957939,-0.03996484614504383,-0.00483440778362992,-0.01614184328856596,Deutschland,7.046765395809443
-8.540247916847495,0.7971505153869409,-0.02114812302342288,0.006554485318460885,0.006177205200923339,feg+t deutschland,4.4498141875349715
-6.693329944534348,-0.13340107158913872,-0.02850759296212082,0.0018761750380288777,-9.289761948808734e-05,bringt,6.5178961110026155
-8.347316139392495,0.6999590878923101,-0.018104910960144112,-0.0030538948281565725,0.006967603882867865,detlef bring+t,4.665855784859059
-8.133037302075968,0.5920025236577651,-0.0198967972867425,-0.002216805462547119,0.005773527692071064,stürmisches,4.905788609592386
-8.133037302075968,0.5920025236577651,-0.0198967972867425,-0.002216805462547119,0.005773527692071064,bring+t stürmisch+es,4.905788609592386
-6.0786398409089415,-0.4431297071768445,-0.03097891737180418,0.003066002403518297,-0.0018019676579789541,Wetter,7.206202490993326
-7.560858375866245,0.3037164116668234,-0.02392543786058459,-0.000315191653021225,0.003052671596826914,stürmisch+es wetter,5.546478550734133
3.525921052274917,-5.282587058504257,-0.041353848321101,0.007401679862780751,-0.007575413159726371,Regen,17.961062540853845
-6.838959778494636,-0.06002210754411319,-0.027839054648674595,0.0015549658412829168,0.00036855081178936364,wetter regen,6.354825913044285
1.9289330864019494,-4.477933089173165,-0.04128775235187496,0.007569410444644798,-0.007944379257425508,regen nebel,16.172815159375777
-6.391164601748963,-0.28565498750587537,-0.02978844383626615,0.002492513264172897,-0.000978351079363244,Harz,6.856248892889491
-7.420299372995491,0.23289498792865038,-0.024776143426433934,8.960460389474678e-05,0.0024722323650279224,Nordseeinseln,5.703869035663194
-7.420299372995491,0.23289498792865038,-0.024776143426433934,8.960460389474678e-05,0.0024722323650279224,harz nordseeinsel+n,5.703869035663194
-8.133037302075968,0.5920025236577651,-0.0198967972867425,-0.002216805462547119,0.005773527692071064,betroffen,4.905788609592386
-8.133037302075968,0.5920025236577651,-0.0198967972867425,-0.002216805462547119,0.005773527692071064,nordseeinsel+n betreff+en,4.905788609592386
-1.803537296005107,-2.5972809788768294,-0.039988983103580886,0.0059141474819504386,-0.008492244532501693,Bayern,11.993328909933535
-8.649759661873496,0.852326557528085,-0.01524227744316887,-0.004379576784941004,0.00885340377467548,fällt,4.327207188950901
-8.649759661873496,0.852326557528085,-0.01524227744316887,-0.004379576784941004,0.00885340377467548,bayern fall+t,4.327207188950901
-8.80496652653463,0.9305134097688224,-0.013595146997781124,-0.005135842073593119,0.009926131247424242,erste,4.153423179561426
-8.80496652653463,0.9305134097688224,-0.013595146997781124,-0.005135842073593119,0.009926131247424242,fall+t erst+e,4.153423179561426
-8.882454365791503,0.9695471817902659,-0.012721130207091346,-0.005535211375121477,0.010491678760321147,Schnee,4.06666136042346
-8.882454365791503,0.9695471817902659,-0.012721130207091346,-0.005535211375121477,0.010491678760321147,erst+e schnee,4.06666136042346
-8.96169005424602,1.009460301188328,-0.011788760642317514,-0.005959779400033921,0.011092182105097083,Windiger,3.9779430927471084
-8.96169005424602,1.009460301188328,-0.011788760642317514,-0.005959779400033921,0.011092182105097083,schnee windig+er,3.9779430927471084
-9.04962795572095,1.0537554910146023,-0.01070509446125105,-0.006451355497067459,0.011786508136858286,Herbst,3.879481938104293
-9.04962795572095,1.0537554910146023,-0.01070509446125105,-0.006451355497067459,0.011786508136858286,windig+er herbst,3.879481938104293
-9.109395878548423,1.0838602139654836,-0.009937289894007937,-0.0067984311905223,0.012276110446314083,statt,3.8125622815451887
-9.109395878548423,1.0838602139654836,-0.009937289894007937,-0.0067984311905223,0.012276110446314083,herbst statt,3.8125622815451887
-9.155714545845765,1.1071900446039027,-0.009323863620340166,-0.007075001874894685,0.01266588080679255,goldener,3.760701502225954
-9.155714545845765,1.1071900446039027,-0.009323863620340166,-0.007075001874894685,0.01266588080679255,statt golden+er,3.760701502225954
-9.125300542771178,1.0918711502586205,-0.009728505464681288,-0.006892635775696605,0.012408910139153826,Oktober,3.7947545645613876
-9.125300542771178,1.0918711502586205,-0.009728505464681288,-0.006892635775696605,0.012408910139153826,golden+er oktober,3.7947545645613876
-1.6698653288201193,-2.66974918074346,0.1479582748876419,0.021234308411327407,-0.021325490875341156,Wochenende,12.145501146152911
-8.77680019217306,0.916324635896363,-0.013904034750939825,-0.004994381230040555,0.009725651143865796,detlef woche+n+ende,4.184960677404051
-8.595011547515362,0.8247458972155486,-0.015792701702226318,-0.004125792784582558,0.008492912773524403,große,4.388508690461576
-8.595011547515362,0.8247458972155486,-0.015792701702226318,-0.004125792784582558,0.008492912773524403,woche+n+ende groß+e,4.388508690461576
-8.470493768341862,0.762015747888706,-0.016989950487612183,-0.003571939786563413,0.007705319909082849,Teile,4.527932073022427
-8.470493768341862,0.762015747888706,-0.016989950487612183,-0.003571939786563413,0.007705319909082849,groß+e teil+e,4.527932073022427
-8.200346903406647,0.6259144115080146,-0.019352911283570525,-0.002471469617341796,0.00613705313429402,Landes,4.830420312287715
-8.200346903406647,0.6259144115080146,-0.019352911283570525,-0.002471469617341796,0.00613705313429402,teil+e land+es,4.830420312287715
-7.936548520188176,0.4930058371189334,-0.02139362286696657,-0.0015133579331382402,0.004768273328180438,fest,5.125803194144696
-7.936548520188176,0.4930058371189334,-0.02139362286696657,-0.0015133579331382402,0.004768273328180438,land+es fest,5.125803194144696
-7.492987013948359,0.26951914219839956,-0.024342228017046275,-0.00011699953525381307,0.002768529429217112,Griff,5.622477232978579
-7.492987013948359,0.26951914219839956,-0.024342228017046275,-0.00011699953525381307,0.002768529429217112,fest griff,5.622477232978579
-6.391164601748963,-0.28565498750587537,-0.02978844383626615,0.002492513264172897,-0.000978351079363244,griff regen,6.856248892889491
-3.48164124455562,-1.7517101315361736,-0.037346428103756775,0.006097561179376461,-0.00612114840419749,Sturmböen,10.114236764845668
-6.838959778494636,-0.06002210754411319,-0.027839054648674595,0.0015549658412829168,0.00036855081178936364,nebel sturmbö+en,6.354825913044285
-7.740380967394385,0.3941687257159012,-0.022765451714165313,-0.0008654055203971417,0.0038409873931781954,Vom,5.345459394862047
-7.936548520188176,0.4930058371189334,-0.02139362286696657,-0.0015133579331382402,0.004768273328180438,Brocken,5.125803194144696
-7.936548520188176,0.4930058371189334,-0.02139362286696657,-0.0015133579331382402,0.004768273328180438,von brocken,5.125803194144696
-8.447447991354453,0.750405446518426,-0.01720361749749284,-0.0034728319392820974,0.0075642633204962145,Schwarzwald,4.553736686705034
-8.447447991354453,0.750405446518426,-0.01720361749749284,-0.0034728319392820974,0.0075642633204962145,brocken schwarzwald,4.553736686705034
-8.683919897232913,0.8695353833513553,-0.014891004853386968,-0.004541259742124919,0.009082936269377055,schwarzwald feg+t,4.28895805864691
-8.818584510699534,0.9373734150333966,-0.01344414809866155,-0.005204934092126929,0.010024019587382915,Wind,4.138175314770228
-8.818584510699534,0.9373734150333966,-0.01344414809866155,-0.005204934092126929,0.010024019587382915,feg+t wind,4.138175314770228
-8.929043545498917,0.9930155320747547,-0.012177805876010405,-0.0057828052666974265,0.0108419642158454,volle…,4.014496516592139
-8.929043545498917,0.9930155320747547,-0.012177805876010405,-0.0057828052666974265,0.0108419642158454,wind volle…,4.014496516592139
-9.012250544431302,1.0349283186712197,-0.011172213321317763,-0.00623970728368449,0.01148769221873485,+4356,3.9213320830047107
-9.012250544431302,1.0349283186712197,-0.011172213321317763,-0.00623970728368449,0.01148769221873485,volle… +4356,3.9213320830047107
-9.067397023366834,1.0627057433164584,-0.010479549047006567,-0.0065534146470415285,0.011930531833018149,+4356 chars,3.8595866076517367
-9.32301445174089,1.191450983546903,-0.006963152389927021,-0.008133469155904797,0.014154466621249414,Prozesse,3.5733863590458497
-9.249652083235219,1.1545028700076745,-0.00802749713158156,-0.00765739955116513,0.01348555575878212,verletzte,3.6555250605227285
-9.249652083235219,1.1545028700076745,-0.00802749713158156,-0.00765739955116513,0.01348555575878212,prozeß+e verletz+t+e,3.6555250605227285
-9.184415225676961,1.1216457571225764,-0.008935381714151452,-0.0072498247744160575,0.012912085883193647,Passagiere,3.7285668759204484
-9.184415225676961,1.1216457571225764,-0.008935381714151452,-0.0072498247744160575,0.012912085883193647,verletz+t+e passagier+e,3.7285668759204484
-9.084597186451854,1.0713693708311192,-0.01025904518097609,-0.006653108463445176,0.012071174279303244,Schiffsführerin,3.8403282930415554
-9.084597186451854,1.0713693708311192,-0.01025904518097609,-0.006653108463445176,0.012071174279303244,passagier+e schiff+s+führer+in,3.8403282930415554
-8.882454365791503,0.9695471817902659,-0.012721130207091346,-0.005535211375121477,0.010491678760321147,Gericht,4.06666136042346
-8.882454365791503,0.9695471817902659,-0.012721130207091346,-0.005535211375121477,0.010491678760321147,schiff+s+führer+in gericht,4.06666136042346
-8.732037642038833,0.8937752736906035,-0.014385634656834432,-0.004773490390444175,0.009412439235453617,gericht morgen,4.235080889295569
-6.596866108633051,-0.1820067793721578,-0.02893148829590874,0.0020800324824886175,-0.00038577468185244795,20.,6.625912402844972
-6.596866108633051,-0.1820067793721578,-0.02893148829590874,0.0020800324824886175,-0.00038577468185244795,morgen 20.,6.625912402844972
-6.434918314939058,-0.2636084699095438,-0.02961130815068496,0.002407219199744015,-0.0008558232882585198,Januar,6.807255168865453
-6.434918314939058,-0.2636084699095438,-0.02961130815068496,0.002407219199744015,-0.0008558232882585198,20. januar,6.807255168865453
-6.094925470211765,-0.4349236998978929,-0.030919963133297767,0.003037597486346145,-0.0017611866398246669,stößt,7.187966433746409
-6.094925470211765,-0.4349236998978929,-0.030919963133297767,0.003037597486346145,-0.0017611866398246669,januar stoß+t,7.187966433746409
-5.325872012779407,-0.8224357840384822,-0.03338490425055683,0.004223856094197019,-0.0034619941964159767,Hadag-Fähre,8.049125950121464
-5.325872012779407,-0.8224357840384822,-0.03338490425055683,0.004223856094197019,-0.0034619941964159767,stoß+t hadag-fähr+e,8.049125950121464
-2.9660497270450215,-2.0115056896268233,-0.03810902575767104,0.006444643577304666,-0.006603890502230227,dichten,10.691579855279599
-2.9660497270450215,-2.0115056896268233,-0.03810902575767104,0.006444643577304666,-0.006603890502230227,hadag-fähr+e dicht+en,10.691579855279599
1.9289330864019494,-4.477933089173165,-0.04128775235187496,0.007569410444644798,-0.007944379257425508,dicht+en nebel,16.172815159375777
-4.548752901873546,-1.2140127206837472,-0.035330665076108755,0.00515336190946197,-0.0047881634415997965,Schubverband,8.91931878911935
-4.548752901873546,-1.2140127206837472,-0.035330665076108755,0.00515336190946197,-0.0047881634415997965,nebel schub+verband,8.91931878911935
-5.79132941880207,-0.5878999959714712,-0.031967866508275974,0.0035423937503733247,-0.0024856145860022733,zusammen,7.527922517031153
-5.79132941880207,-0.5878999959714712,-0.031967866508275974,0.0035423937503733247,-0.0024856145860022733,schub+verband zusammen,7.527922517031153
-6.345957433288486,-0.3084338882694371,-0.029968654948306514,0.0025793022171821806,-0.0011030202310065226,Dabei,6.906870155833177
-1.7838716680965057,-2.607176222925618,-0.039457562065861346,0.007029948892204658,-0.007397743970494461,Menschen,12.015344846063439
-6.929792640483429,-0.01425404564831867,-0.02740368690429475,0.0013460124850785179,0.0006686975364210493,dabei mensch+en,6.253115197564603
-7.16664809443647,0.10508981404323503,-0.02619650876573018,0.0007677093558051372,0.0014991429197437726,verletzt,5.987895213786187
-7.16664809443647,0.10508981404323503,-0.02619650876573018,0.0007677093558051372,0.0014991429197437726,mensch+en verletz+t,5.987895213786187
-7.45728088948802,0.2515283951537244,-0.02455695692654165,-1.4792466551054317e-05,0.002621962996877912,konnte,5.662459061874675
-7.45728088948802,0.2515283951537244,-0.02455695692654165,-1.4792466551054317e-05,0.002621962996877912,wie könn+e,5.662459061874675
-7.050578852114419,0.0466064012456231,-0.026801538446285113,0.0010573419631695787,0.001083282344018898,Unfall,6.11786418085529
-9.148278265274683,1.1034445678111888,-0.00942346046184297,-0.007030140748401716,0.012602680799493386,könn+e unfall,3.7690275284459016
-9.198172821770067,1.1285749881044531,-0.008746830295490272,-0.007334584313743571,0.013031405419219558,kommen,3.713163266417936
-9.198172821770067,1.1285749881044531,-0.008746830295490272,-0.007334584313743571,0.013031405419219558,unfall komm+en,3.713163266417936
-8.732037642038833,0.8937752736906035,-0.014385634656834432,-0.004773490390444175,0.009412439235453617,hin+zu+füg+en morgen,4.235080889295569
-9.101258501105406,1.0797615177026023,-0.01004337446752459,-0.006750536920863522,0.012208579377703428,+1274,3.821673338998869
-9.101258501105406,1.0797615177026023,-0.01004337446752459,-0.006750536920863522,0.012208579377703428,könn+e +1274,3.821673338998869
-9.148278265274683,1.1034445678111888,-0.00942346046184297,-0.007030140748401716,0.012602680799493386,+1274 chars,3.7690275284459016
-8.509612433595404,0.7748506917146591,0.13424244269460345,-0.05048635476773167,-0.06412191849355175,Kaum,4.4873415416160345
-8.509612433595404,0.7748506917146591,0.13424244269460345,-0.05048635476773167,-0.06412191849355175,vorhersage kaum,4.4873415416160345
22.38326964180527,-14.783302301319287,-0.013522920067435888,-0.01259715506244153,-0.0069908097633274435,Sonne,39.07654538144211
-4.253916481726945,-1.3650923770164582,0.04356531444856271,-0.05082083675621209,-0.07752397691258157,kaum sonne,9.250642939967031
-8.180318216806079,0.6005417532631503,-0.036545370151935916,-0.15821326395439878,-0.15813936084163,sonne sicht,4.859613905795714
-8.256658292263774,0.6518184831812261,-0.03623740763121266,-0.06563973432686254,-0.057947078035530286,trübe,4.768423277580655
-8.256658292263774,0.6518184831812261,-0.03623740763121266,-0.06563973432686254,-0.057947078035530286,sicht trüb+e,4.768423277580655
-8.165098640914591,0.6073968024941232,-0.03571481828641625,-0.035310586555848844,-0.026721054330553527,Tage,4.87019532695301
-8.165098640914591,0.6073968024941232,-0.03571481828641625,-0.035310586555848844,-0.026721054330553527,trüb+e tag+e,4.87019532695301
-7.888083781516691,0.468582414635593,-0.02247914881709233,-0.002858484165179172,0.003038383054510204,tag+e bayern,5.180071593245248
-7.492987013948359,0.26951914219839956,-0.024342228017046275,-0.00011699953525381307,0.002768529429217112,bayern erwart+et,5.622477232978579
-2.9660497270450215,-2.0115056896268233,-0.03810902575767104,0.006444643577304666,-0.006603890502230227,Dichter,10.691579855279599
-6.558205698747316,-0.20148682432575793,-0.029097325206945274,0.002159820983347339,-0.0005004048022107417,erwart+et dichter,6.669202787247084
1.9289330864019494,-4.477933089173165,-0.04128775235187496,0.007569410444644798,-0.007944379257425508,dichter nebel,16.172815159375777
2.3725361454234886,-4.701446485535277,-0.041339260621489016,0.007541485995835823,-0.007870238021687482,viele,16.669545529356714
-2.6591802198722743,-2.1661302238682834,-0.038508699713702736,0.006622835114359482,-0.006849068018046264,nebel viel+e,11.035202567539764
1.5690159349046926,-4.296506534326802,-0.03798913272674496,0.00781813528941638,-0.008216928455102133,Wolken,15.769760942294027
0.4533849291032599,-3.7344601989706407,-0.04089715451269846,0.007539946677701411,-0.008005741005112763,viel+e wolke+n,14.520549165647394
-5.4132900164764095,-0.7783873590340242,-0.03313473079606173,0.004103717104921426,-0.003290043308073344,kaum,7.951238176937476
-5.4132900164764095,-0.7783873590340242,-0.03313473079606173,0.004103717104921426,-0.003290043308073344,wolke+n kaum,7.951238176937476
-5.8735059982147755,-0.5465000224824217,-0.03217387318048579,0.0024365507373996544,-0.0032642417591808894,sonne bayern,7.435906299136191
-6.634408522008838,-0.16309008393682767,-0.028768249707774435,0.002001512771148255,-0.0002729669369661465,bayern bleib+t,6.583873919812934
-7.1426141721197425,0.09297994970837342,-0.026323992222257002,0.0008287000303388962,0.0014115812913440967,bleib+t nächst+en,6.0148072709759655
-6.1279222698037925,-0.41829726886907626,-0.030799515086308783,0.0029795640745863584,-0.00167786279276292,überwiegend,7.151017818693296
-7.45728088948802,0.2515283951537244,-0.02455695692654165,-1.4792466551054317e-05,0.002621962996877912,tag+en überwieg+end,5.662459061874675
-6.30940975761984,-0.32684947426215194,-0.030112298588873997,0.0026484892095846937,-0.001202399526520053,grau,6.947794860219323
-7.654744354725981,0.3510209587177471,-0.023329542221919828,-0.0005981001735110986,0.0034581044733583872,überwieg+end grau,5.441350285442693
-7.890617841006595,0.4698642967364268,-0.02172525101328387,-0.0013570008619308883,0.004544622739037281,sonne möglich,5.177233398722646
-7.871143957126963,0.4600526125994482,-0.02186387956662399,-0.0012915864226911017,0.004451033302824509,sagt,5.199039015404397
-7.871143957126963,0.4600526125994482,-0.02186387956662399,-0.0012915864226911017,0.004451033302824509,möglich sag+t,5.199039015404397
-9.04962795572095,1.0537554910146023,-0.01070509446125105,-0.006451355497067459,0.011786508136858286,sag+t wetter+dienst,3.879481938104293
-8.917738564466257,0.9873209151819236,-0.012310912630292532,-0.005722195674116536,0.010756240021232252,voraus,4.027154426972656
-8.917738564466257,0.9873209151819236,-0.012310912630292532,-0.005722195674116536,0.010756240021232252,wetter+dienst voraus,4.027154426972656
-6.558205698747316,-0.20148682432575793,-0.029097325206945274,0.002159820983347339,-0.0005004048022107417,hin+zu+füg+en dichter,6.669202787247084
-9.372412075090303,1.2163285639447206,-0.006219093569294128,-0.00846517300879834,0.014619934009572646,Wett…,3.518079797286893
-9.372412075090303,1.2163285639447206,-0.006219093569294128,-0.00846517300879834,0.014619934009572646,sag+t wett…,3.518079797286893
-9.403979974009447,1.2322263200133534,-0.005731485617338845,-0.008682061899591122,0.014924017924742992,+1034,3.4827359728451794
-9.403979974009447,1.2322263200133534,-0.005731485617338845,-0.008682061899591122,0.014924017924742992,wett… +1034,3.4827359728451794
-9.42931490207429,1.2449848609413456,-0.005333090200618354,-0.00885898406095579,0.015171909819350609,+1034 char+s,3.4543707945387925
-8.944332962435237,0.9995608011569306,-0.041571257717971835,0.058271212658010746,-0.0011378280810237645,Liveticker,3.9977961193971994
-2.0189536513066333,-2.4923032572677175,-0.07492235029213448,0.08299160690534296,-0.02201772026591495,Hessen,11.753596189344885
-8.793229849800536,0.9221131220928884,-0.054261625437252464,0.08270305006020034,-0.00677660868591431,live+ticker hessen,4.167544893085991
-6.746997972122052,-0.1164685172990727,-0.10012497309972382,0.15575512232765637,-0.029653083906419936,Frankfurt,6.46210372341183
-8.617815235559615,0.8306974486949121,-0.07350632979244323,0.12101110039006151,-0.015196341580690002,hessen frankfurt,4.365267595805931
-8.146758975467863,0.5677409521541552,-0.15150522510633913,0.2809096915874801,-0.049132768026315214,frankfurt schaden,4.903998897748068
-8.241766881132143,0.6444004737195614,-0.05642008810859699,0.07811461517709482,-0.008977582026199684,250.000,4.78498493803471
-8.241766881132143,0.6444004737195614,-0.05642008810859699,0.07811461517709482,-0.008977582026199684,schaden 250.000,4.78498493803471
-8.088059861805146,0.5690818770634305,-0.03265284634054907,0.02472201580323023,0.0004715695315248847,Euro,4.9562256122814325
-8.088059861805146,0.5690818770634305,-0.03265284634054907,0.02472201580323023,0.0004715695315248847,250.000 euro,4.9562256122814325
-7.684144251186314,0.36583405100174415,-0.02313814841906074,-0.0006888514221688111,0.003588115977247848,Feuer,5.408429971974488
-7.684144251186314,0.36583405100174415,-0.02313814841906074,-0.0006888514221688111,0.003588115977247848,euro feuer,5.408429971974488
-6.958607412012569,0.0002648556171900296,-0.027262493468212527,0.0012782888192403152,0.0007659694694255245,Holzhandel,6.22084968274966
-6.958607412012569,0.0002648556171900296,-0.027262493468212527,0.0012782888192403152,0.0007659694694255245,feuer holz+handel,6.22084968274966
-3.9008507605318687,-1.540478748574857,-0.03663163723722112,0.005766175098900616,-0.0056558187118478515,holz+handel nebel,9.644819142809112
-5.433412470960352,-0.7682480025412701,-0.03307614713089489,0.004075570583565404,-0.0032497451552386397,Sprühregen,7.9287057247653925
-6.838959778494636,-0.06002210754411319,-0.027839054648674595,0.0015549658412829168,0.00036855081178936364,nebel sprüh+regen,6.354825913044285
-8.793229849800536,0.9221131220928884,-0.054261625437252464,0.08270305006020034,-0.00677660868591431,sprüh+regen hessen,4.167544893085991
-3.8144479262093967,-1.5840154722342112,-0.03678651116485049,0.005838372046491309,-0.0057574844600506055,+++,9.74157031793577
-8.167384969194618,0.6093075903155127,-0.019621341764977124,-0.0023458455024968784,0.005957755882925575,hessen +++,4.867328616275585
-5.279131891473648,-0.8459873286767436,-0.033515832191339426,0.004286690591463237,-0.003551889093268052,Nach,8.101463992030444
-6.148808753682239,-0.4077729888165358,-0.030722574791462478,0.0029424935585648047,-0.0016246338740963581,+++ nach,7.127629897747137
-8.423651391474957,0.73841682704469,-0.01742175502679527,-0.0033715679955063655,0.007420100206489401,nach unfall,4.5803820372975155
-8.595011547515362,0.8247458972155486,-0.015792701702226318,-0.004125792784582558,0.008492912773524403,Bundesstraße,4.388508690461576
-8.595011547515362,0.8247458972155486,-0.015792701702226318,-0.004125792784582558,0.008492912773524403,unfall bund+es+straße,4.388508690461576
-8.882454365791503,0.9695471817902659,-0.012721130207091346,-0.005535211375121477,0.010491678760321147,Südhessen,4.06666136042346
-8.882454365791503,0.9695471817902659,-0.012721130207091346,-0.005535211375121477,0.010491678760321147,bund+es+straße südhessen,4.06666136042346
-9.031257511153584,1.0445022522850798,-0.010935903533326012,-0.0063468243576114275,0.011638949631318469,Groß-Umstadt,3.9000506452721257
-9.031257511153584,1.0445022522850798,-0.010935903533326012,-0.0063468243576114275,0.011638949631318469,südhessen groß-umstadt,3.9000506452721257
-9.140732355964218,1.0996438593240676,-0.009524086186565401,-0.0069847991557145245,0.012538794982924161,voll,3.7774763078234774
-9.140732355964218,1.0996438593240676,-0.009524086186565401,-0.0069847991557145245,0.012538794982924161,groß-umstadt voll,3.7774763078234774
-9.177391754661393,1.1181082553371844,-0.009031053374629486,-0.007206794631808511,0.012851498476871823,voll ge+sperr+t,3.7364306729473538
-8.167384969194618,0.6093075903155127,-0.019621341764977124,-0.0023458455024968784,0.005957755882925575,ge+sperr+t +++,4.867328616275585
-9.290577236364978,1.1751145561776748,-0.007439600228557911,-0.007920590656831098,0.013855482453656521,Lkw-Brand,3.6097039309686343
-9.290577236364978,1.1751145561776748,-0.007439600228557911,-0.007920590656831098,0.013855482453656521,nach lkw+-+brand,3.6097039309686343
-9.399608120224217,1.2300246530479595,-0.005799591786087542,-0.008651791259541318,0.01488159045737886,Asphalt,3.4876307456625937
-9.399608120224217,1.2300246530479595,-0.005799591786087542,-0.008651791259541318,0.01488159045737886,lkw+-+brand asphalt,3.4876307456625937
-9.433394507742722,1.2470393074183739,-0.005268338318700931,-0.008887715429303604,0.015212152956476741,geprüft,3.4498032482779504
-9.433394507742722,1.2470393074183739,-0.005268338318700931,-0.008887715429303604,0.015212152956476741,asphalt ge+prüf+t,3.4498032482779504
-8.167384969194618,0.6093075903155127,-0.019621341764977124,-0.0023458455024968784,0.005957755882925575,ge+prüf+t +++,4.867328616275585
-9.47947205705686,1.2702430331744734,-0.004525161515431236,-0.009216994485681494,0.015673095834540778,Liveblog,3.39821482623272
-9.47947205705686,1.2702430331744734,-0.004525161515431236,-0.009216994485681494,0.015673095834540778,+++ liveblog,3.39821482623272
-8.617815235559615,0.8306974486949121,-0.07350632979244323,0.12101110039006151,-0.015196341580690002,liveblog frankfurt,4.365267595805931
-8.793229849800536,0.9221131220928884,-0.054261625437252464,0.08270305006020034,-0.00677660868591431,frankfurt hessen,4.167544893085991
-9.586967681363708,1.3243722448550406,-0.0027023834810260376,-0.010020926163200543,0.01679639977799491,Hanau/Offenbach,3.277864463373871
-9.586967681363708,1.3243722448550406,-0.0027023834810260376,-0.010020926163200543,0.01679639977799491,hessen hanau/offenbach,3.277864463373871
-9.652450209248986,1.3573432299958357,-0.001526318790192372,-0.010536901232093415,0.017515783642992975,Entdeckung,3.204552603084876
-9.652450209248986,1.3573432299958357,-0.001526318790192372,-0.010536901232093415,0.017515783642992975,nach entdeckung,3.204552603084876
-9.685380459719921,1.373923050525831,-0.0009147410956031575,-0.010804390523054132,0.01788823739587724,gestohlenen,3.1676855069058165
-9.685380459719921,1.373923050525831,-0.0009147410956031575,-0.010804390523054132,0.01788823739587724,entdeckung ge+stehl+en+en,3.1676855069058165
-9.709620697228235,1.386127220559601,-0.0004555625196663131,-0.011004856322048236,0.018167149075504683,Kühlwagens,3.1405475128415796
-9.709620697228235,1.386127220559601,-0.0004555625196663131,-0.011004856322048236,0.018167149075504683,ge+stehl+en+en kühl+wagen+s,3.1405475128415796
-9.737636704449354,1.400231951648207,8.492741776963339e-05,-0.011240420153220361,0.018494653918556345,Hanauer,3.1091825896696252
-9.737636704449354,1.400231951648207,8.492741776963339e-05,-0.011240420153220361,0.018494653918556345,kühl+wagen+s hanauer,3.1091825896696252
-9.751650734291573,1.407287177894138,0.00035932029117505607,-0.011359845369624762,0.018660592072261322,Tafel,3.0934934681528503
-9.751650734291573,1.407287177894138,0.00035932029117505607,-0.011359845369624762,0.018660592072261322,hanauer tafel,3.0934934681528503
-9.777958745241445,1.420531365368078,0.0008818687956496062,-0.011586972491823506,0.018975995149626727,genaue,3.064041032158884
-9.777958745241445,1.420531365368078,0.0008818687956496062,-0.011586972491823506,0.018975995149626727,tafel genau+e,3.064041032158884
-9.78880966752151,1.4259938964611405,0.0011002787198058674,-0.011681787546729366,0.019107589890805753,Untersuchung,3.051893232892001
-9.78880966752151,1.4259938964611405,0.0011002787198058674,-0.011681787546729366,0.019107589890805753,genau+e untersuchung,3.051893232892001
-9.813668881122176,1.438508142464321,0.0016071389880901697,-0.011901558552380884,0.01941245021008674,Fahrzeugs,3.0240630471221395
-9.813668881122176,1.438508142464321,0.0016071389880901697,-0.011901558552380884,0.01941245021008674,untersuchung fahrzeug+s,3.0240630471221395
-9.827389835301137,1.4454151600274352,0.001890838425200908,-0.012024408092014823,0.019582764999934266,Hinweise,3.0087023630595637
-9.827389835301137,1.4454151600274352,0.001890838425200908,-0.012024408092014823,0.019582764999934266,fahrzeug+s hinweis+e,3.0087023630595637
-9.860331476621141,1.461997185773331,0.0025836986563084544,-0.012323955452805513,0.019997750990601238,Täter,2.971824277456618
-9.860331476621141,1.461997185773331,0.0025836986563084544,-0.012323955452805513,0.019997750990601238,hinweis+e täter,2.971824277456618
-9.867427642260424,1.465569123031785,0.0027351671276460154,-0.012389350419102937,0.02008829155987438,bringen,2.963880187835734
-9.867427642260424,1.465569123031785,0.0027351671276460154,-0.012389350419102937,0.02008829155987438,täter bring+en,2.963880187835734
-9.881107342499941,1.4724548548139018,0.003029422727087939,-0.012516300545210416,0.020263998956763157,gab,2.948565945771439
-9.88552276060294,1.4746773435321796,0.003125041700567169,-0.012557527271133642,0.020321043159549686,Spurensicherungsmaßnahmen…,2.943622958771817
-9.88552276060294,1.4746773435321796,0.003125041700567169,-0.012557527271133642,0.020321043159549686,geb spurensicherungsmaßnahmen…,2.943622958771817
-9.914592713865016,1.4893092551681295,0.0037625304292199825,-0.012832060929381443,0.02070070306605887,+266,2.9110798141799226
-9.914592713865016,1.4893092551681295,0.0037625304292199825,-0.012832060929381443,0.02070070306605887,spurensicherungsmaßnahmen… +266,2.9110798141799226
-9.919082172796292,1.4915754811981468,0.003679939010553558,-0.012475127725458383,0.020685988754166235,+266 chars,2.906050405835912
-2.9660497270450215,-2.0115056896268233,-0.03810902575767104,0.006444643577304666,-0.006603890502230227,Mix,10.691579855279599
-2.9660497270450215,-2.0115056896268233,-0.03810902575767104,0.006444643577304666,-0.006603890502230227,vorhersage mix,10.691579855279599
1.9289330864019494,-4.477933089173165,-0.04128775235187496,0.007569410444644798,-0.007944379257425508,mix nebel,16.172815159375777
6.4061586118705875,-6.7337980236801585,-0.040789955683729076,0.00671100735366631,-0.006318706827336609,nebel sonne,21.186238758926123
-4.250738967524168,-1.3641766100848511,-0.03596110906644759,0.005451570147581005,-0.005211308577520068,sonne regen,9.253025353925066
-5.659885070502974,-0.6545223440631434,-0.042018010216692284,-0.01577975160737613,-0.02219559281606783,Wetteränderung,7.67526396827695
-5.659885070502974,-0.6545223440631434,-0.042018010216692284,-0.01577975160737613,-0.02219559281606783,regen wetter+änderung,7.67526396827695
-6.027220811229655,-0.49501945088123156,-0.12602214108173754,-0.18652952749117002,-0.1927306953909247,wetter+änderung sicht,7.275262387233138
-6.123735465398797,-0.4218240647703184,0.011435221553838915,-0.04549348801763434,-0.059758547989157834,Offenbach,7.156355951752575
-8.495013010697448,0.7689234471346071,-0.06094288201954444,-0.09414843204276195,-0.08201922908804615,sicht offenbach,4.502831543975908
-7.023648133175218,0.03196508206764914,-0.04515685932702472,-0.03596782471663584,-0.03586332552504626,Große,6.148462769289262
-8.756280255504466,0.9043550972395917,-0.03863827615028184,-0.055379961569910846,-0.0403968763382475,offenbach groß+e,4.2086180611564545
-7.811326533219644,0.42901686450092313,-0.03945800224305144,-0.03622667605054586,-0.030675360072129544,Wetteränderungen,5.266385388411372
-7.811326533219644,0.42901686450092313,-0.03945800224305144,-0.03622667605054586,-0.030675360072129544,groß+e wetter+änderung+en,5.266385388411372
-8.124568041103718,0.5874131518384553,-0.030208675050653257,-0.023212864875713907,-0.015089530637459523,wetter+änderung+en deutschland,4.915394751789343
-8.293998945386022,0.6729092756597215,-0.026443736057841567,-0.019032940386928515,-0.009360158924233083,deutschland komm+end+en,4.725623705833282
-5.955949716262223,-0.5050513323805248,-0.03549466715604269,-0.005018947436896456,-0.010341263855618663,komm+end+en tag+en,7.343622857488503
-8.46754462840966,0.7604231214371162,-0.02306013569538438,-0.016006687120768172,-0.004616810120898297,erwarten,4.531269271835688
-8.46754462840966,0.7604231214371162,-0.02306013569538438,-0.016006687120768172,-0.004616810120898297,tag+en erwart+en,4.531269271835688
-8.526021500544068,0.7899024071968168,-0.021991595813831748,-0.015206233058959077,-0.0032058415134072517,Ein,4.465784636073129
-8.548019715120423,0.8009912093669846,-0.02159665794369003,-0.014929631143299628,-0.0026951963117687744,Hoch,4.441150589331098
-8.548019715120423,0.8009912093669846,-0.02159665794369003,-0.014929631143299628,-0.0026951963117687744,ein hoch,4.441150589331098
-8.61472315866608,0.8346122110676206,-0.020418876501644142,-0.014166486721130963,-0.0012073158666333628,Namen,4.366455891945793
-8.61472315866608,0.8346122110676206,-0.020418876501644142,-0.014166486721130963,-0.0012073158666333628,hoch name+n,4.366455891945793
-8.646461932681817,0.8506085492200501,-0.01986263811145602,-0.013830968954432699,-0.0005189155700584085,Sieglinde,4.3309152480712685
-8.646461932681817,0.8506085492200501,-0.01986263811145602,-0.013830968954432699,-0.0005189155700584085,name+n sieg+linde,4.3309152480712685
-8.731401262081263,0.8934140616718909,-0.01840654364070104,-0.013063386913773851,0.0012201835919511649,Britischen,4.235803038405091
-8.731401262081263,0.8934140616718909,-0.01840654364070104,-0.013063386913773851,0.0012201835919511649,sieg+linde britisch+en,4.235803038405091
-9.60657977676862,1.3342483119704462,-0.005769710166602592,-0.01731405808067451,0.00998788893285376,britisch+en kopier+e,3.2558995257735233
-9.725676851849522,1.3942219297159213,-0.00258506948500193,-0.0162509440789842,0.013332605072389137,hin+zu+füg+en wie,3.1225617563306973
-7.826855769798333,0.4360515174861219,-0.04606787264308821,-0.049968279809417454,-0.04422237465752342,dominantes,5.249337406813825
-7.826855769798333,0.4360515174861219,-0.04606787264308821,-0.049968279809417454,-0.04422237465752342,wie dominant+es,5.249337406813825
-8.012049576770337,0.5302426936480811,-0.037226906170441325,-0.03536140390650695,-0.028142257351145738,Hochdruckgebiet,5.041587974617349
-8.012049576770337,0.5302426936480811,-0.037226906170441325,-0.03536140390650695,-0.028142257351145738,dominant+es hochdruck+gebiet,5.041587974617349
-8.207122999739964,0.6289459731369575,-0.030595855397257565,-0.025699651291220264,-0.016794567059545046,wirkt,4.822980535114061
-8.207122999739964,0.6289459731369575,-0.030595855397257565,-0.025699651291220264,-0.016794567059545046,hochdruck+gebiet wirk+t,4.822980535114061
-8.379116614171163,0.7157788883454947,-0.026082744255333114,-0.020178986258343714,-0.009653469073692373,ehesten,4.630321001690381
-8.379116614171163,0.7157788883454947,-0.026082744255333114,-0.020178986258343714,-0.009653469073692373,wirk+t ehe,4.630321001690381
-5.680648650500661,-0.6436792684631363,-0.032897829087193985,0.0025493603655003267,-0.0038886783279479583,ehe sonne,7.651861934815184
-8.519440525367358,0.7865562315309194,-0.022963941586650796,-0.01704877814725802,-0.0050987559346504716,geben,4.473165279697943
-8.519440525367358,0.7865562315309194,-0.022963941586650796,-0.01704877814725802,-0.0050987559346504716,sonne geb+en,4.473165279697943
-8.59014250483851,0.8222032158583477,-0.02152281704687245,-0.015822050769944366,-0.0031169178615528433,Zumindest,4.39398867021713
-8.643183297837709,0.8489410871570335,-0.020484980537109544,-0.015029919795502753,-0.0017410272709437458,zumindest frost,4.334592158767001
-8.69177063237899,0.8734310862770112,-0.019561147718632658,-0.014390415238399682,-0.0005533387888622815,erstmal,4.2801839906341055
-8.69177063237899,0.8734310862770112,-0.019561147718632658,-0.014390415238399682,-0.0005533387888622815,frost erstmal,4.2801839906341055
-6.419151645147138,-0.27372399676186765,0.09271727296992499,0.006538032807585723,-0.014960541578149758,Thema,6.826007456337339
-8.7493199671429,0.9024352397610336,-0.018494387877216634,-0.013729352103595584,0.0007741841554545041,erstmal thema,4.215741480224867
-9.90720844204802,1.4856064239249132,0.0022409514489530637,-0.015621472932513345,0.017798219313283247,Wetteränderu…,2.91933712738265
-9.90720844204802,1.4856064239249132,0.0022409514489530637,-0.015621472932513345,0.017798219313283247,groß+e wetteränderu…,2.91933712738265
-9.920951629801174,1.4925172406291922,0.004158596337955612,-0.01549861388861433,0.01801838482456122,+1364,2.9039566438869504
-9.920951629801174,1.4925172406291922,0.004158596337955612,-0.01549861388861433,0.01801838482456122,wetteränderu… +1364,2.9039566438869504
-9.926038014196367,1.4950727798558985,0.00520231314822777,-0.01542927281417842,0.01807862382561037,+1364 char+s,2.898265609913073
-8.495013010697448,0.7689234471346071,-0.06094288201954444,-0.09414843204276195,-0.08201922908804615,sicht wie,4.502831543975908
-9.818583909445623,1.4409961953878374,-0.00012212125526494567,-0.01579134027847782,0.015697786150982062,Inseln,3.0185504439250757
-9.818583909445623,1.4409961953878374,-0.00012212125526494567,-0.01579134027847782,0.015697786150982062,britisch+en insel+n,3.0185504439250757
-9.828110179049848,1.4457917248877468,0.00013076514503974727,-0.015760966506053485,0.015930217351963653,sei,3.0078858163940936
-9.828110179049848,1.4457917248877468,0.00013076514503974727,-0.015760966506053485,0.015930217351963653,insel+n sei,3.0078858163940936
-9.843757752773286,1.4536685292088063,0.0005465806405806541,-0.015717547938644993,0.016308324424100015,Fels,2.990368496801296
-9.843757752773286,1.4536685292088063,0.0005465806405806541,-0.015717547938644993,0.016308324424100015,sei fels,2.990368496801296
-9.858606185238102,1.4611428345511774,0.0009417682762950554,-0.015683683256762164,0.016663039598973802,Brandung,2.9737459092994314
-9.858606185238102,1.4611428345511774,0.0009417682762950554,-0.015683683256762164,0.016663039598973802,fels brandung,2.9737459092994314
-9.870417523584178,1.4670881949149064,0.0012566295731242585,-0.015661772882951362,0.01694246885688812,teilte,2.960523370842896
-9.870417523584178,1.4670881949149064,0.0012566295731242585,-0.015661772882951362,0.01694246885688812,brandung teil+te,2.960523370842896
-9.882863305631684,1.4733527631879513,0.0015889605870531669,-0.015643442327066562,0.017234379823019817,teil+te deutsch+e,2.946590653182067
-9.895834236867552,1.4798815055316876,0.0019359978978801956,-0.015629468746636038,0.017535941847472616,+1271,2.9320701181679985
-9.895834236867552,1.4798815055316876,0.0019359978978801956,-0.015629468746636038,0.017535941847472616,deutsch+e +1271,2.9320701181679985
-9.902097168602497,1.4830338091978756,0.0021038358418586298,-0.015624576905208798,0.017680603940264324,+1271 chars,2.925058996805125
-7.9693474345691175,0.4447490299908332,0.46893562570992964,0.03665299202092472,-0.03324587003056993,Wetter-Vorhersage,5.118713146951942
-9.267292288413868,1.139377733160151,0.28897015748955324,0.014359677636225959,-0.00808469841922678,Neue,3.6468756747029514
-9.267292288413868,1.139377733160151,0.28897015748955324,0.014359677636225959,-0.00808469841922678,wetter+-+vorhersage neu+e,3.6468756747029514
-8.004868311178896,0.5015102933152988,0.3013995049456758,0.022690736336263853,-0.018967809128838983,Woche,5.061287527729138
-8.004868311178896,0.5015102933152988,0.3013995049456758,0.022690736336263853,-0.018967809128838983,neu+e woche,5.061287527729138
-8.039764410131047,0.5275958531993896,0.24817936286877243,0.0183202010042007,-0.014528446393630289,beginnt,5.018333975595737
-9.316856844943946,1.1770433199127397,0.1991099415878907,0.007041044079377963,-0.0006599367211648118,woche beginn+t,3.585575788639167
-9.325043376121561,1.1868641145816359,0.14003327507677862,0.002535924144628327,0.003802939405062579,trübem,3.573786862968626
-9.325043376121561,1.1868641145816359,0.14003327507677862,0.002535924144628327,0.003802939405062579,beginn+t trüb+em,3.573786862968626
0.5002184921310224,-3.7576189251621543,-0.016740304867258703,0.00932484482418368,-0.009734140396192274,Herbstwetter,14.572818613984937
-9.31892031856705,1.1856393031638375,0.11413212451383717,0.000664244246899013,0.0056188180995695135,trüb+em herbst+wetter,3.5797799971489557
-9.293457044869706,1.1749017784815037,0.07507148717719178,-0.0020042867972206255,0.008148026901372375,herbst+wetter offenbach,3.607311477212925
-9.26010800824564,1.1590676643772897,0.0476046685241281,-0.003746502062463221,0.009744191165060374,lhe,3.6441900443511708
-9.26010800824564,1.1590676643772897,0.0476046685241281,-0.003746502062463221,0.009744191165060374,offenbach lhe,3.6441900443511708
-6.173302532443148,-0.3952391490238898,-0.012264011859689828,0.00423478136246909,-0.0028511164149306843,Mit,7.100134897588623
-9.233581609749686,1.1460761000322723,0.03176827921881771,-0.004692478139496543,0.0105849174737601,lhe mit,3.6737085109506924
-9.216524972903848,1.1376298199908668,0.023122959090803863,-0.005189380954096212,0.011017311308417321,vielen,3.692732295942754
-9.216524972903848,1.1376298199908668,0.023122959090803863,-0.005189380954096212,0.011017311308417321,mit viel+en,3.692732295942754
-9.183164196068768,1.1209809951618928,0.008513081687350713,-0.005996325306284404,0.0117033388013114,viel+en wolke+n,3.7300009067147673
-9.117408834314872,1.0878962250068516,-0.009832341115796641,-0.006845793858227742,0.012342882163264235,wolke+n regen,3.8035905415601285
-9.021835901744264,1.0397565356053384,-0.011053355401179688,-0.00629359648677541,0.011563793982281759,regen sprüh+regen,3.9105996876710556
-9.316856844943946,1.1770433199127397,0.1991099415878907,0.007041044079377963,-0.0006599367211648118,sprüh+regen beginn+t,3.585575788639167
-8.747311365744636,0.9014695239696446,-0.014222567586238875,-0.004848328318780536,0.009518577696074667,neue,4.217979024347202
-8.747311365744636,0.9014695239696446,-0.014222567586238875,-0.004848328318780536,0.009518577696074667,beginn+t neu+e,4.217979024347202
-8.49282790663557,0.7732674757389675,-0.016780579061716667,-0.003668977531545343,0.007843394459833598,woche hessen,4.502924319094402
-5.689966989020509,-0.6389746920986914,-0.03229493651862855,0.003699854447461141,-0.0027114157511667486,Auf,7.641424664696006
-8.02060945682113,0.5353584574919439,-0.020769190851575123,-0.0018072730355750948,0.005188481615854449,Straßen,5.031677379932284
-8.02060945682113,0.5353584574919439,-0.020769190851575123,-0.0018072730355750948,0.005188481615854449,auf straße+n,5.031677379932284
-6.958607412012569,0.0002648556171900296,-0.027262493468212527,0.0012782888192403152,0.0007659694694255245,straße+n morgen,6.22084968274966
-3.9008507605318687,-1.540478748574857,-0.03663163723722112,0.005766175098900616,-0.0056558187118478515,morgen nebel,9.644819142809112
-6.200741516506199,-0.38160512517609035,-0.03052888498307245,0.0028491746169486444,-0.0014906280107760649,gerechnet,7.069477500652981
-6.200741516506199,-0.38160512517609035,-0.03052888498307245,0.0028491746169486444,-0.0014906280107760649,nebel ge+rechn+et,7.069477500652981
-7.891317160818551,0.47021664029296106,-0.02172025108398661,-0.0013593595842013584,0.004547997161815011,ge+rechn+et kopier+e,5.176450345098262
-8.870210201286689,0.9633793677871572,-0.012861661722883905,-0.005471087380773398,0.01040091712741295,merk+liste hinzu+füg+en,4.080370907221104
-9.002496580722374,1.0300151534490218,-0.011292509487586262,-0.0061851412550091925,0.011410622020603688,Der,3.9322532715717093
-9.002496580722374,1.0300151534490218,-0.011292509487586262,-0.0061851412550091925,0.011410622020603688,hinzu+füg+en der,3.9322532715717093
-9.040520036255156,1.0491678185388025,-0.010819826589680264,-0.006399405869166222,0.011713180733388472,Himmel,3.889679733746743
-9.040520036255156,1.0491678185388025,-0.010819826589680264,-0.006399405869166222,0.011713180733388472,der himmel,3.889679733746743
-9.133074065407595,1.0957865322767266,-0.009625760940801163,-0.006938967469869925,0.012474209515428897,himmel grau,3.786050922460611
-9.125300542771178,1.0918711502586205,-0.009728505464681288,-0.006892635775696605,0.012408910139153826,regnerisch,3.7947545645613876
-9.125300542771178,1.0918711502586205,-0.009728505464681288,-0.006892635775696605,0.012408910139153826,grau regnerisch,3.7947545645613876
-8.972171314318565,1.014739899481191,-0.011662366446135379,-0.006017218955090112,0.011173365573735869,regnerisch wetter,3.9662075291227175
-8.844946136048517,0.9506528911004,-0.013148721506980723,-0.00533999620056869,0.010215316511992058,herbstlich,4.108658621168852
-8.844946136048517,0.9506528911004,-0.013148721506980723,-0.00533999620056869,0.010215316511992058,wetter herbstlich,4.108658621168852
-8.631999080925766,0.8433792867650372,-0.015422510428697888,-0.004296535415340629,0.008735474311043316,herbstlich hessen,4.347093700636429
-8.470493768341862,0.762015747888706,-0.016989950487612183,-0.003571939786563413,0.007705319909082849,Autofahrerinnen,4.527932073022427
-8.470493768341862,0.762015747888706,-0.016989950487612183,-0.003571939786563413,0.007705319909082849,Autofahrer,4.527932073022427
-8.470493768341862,0.762015747888706,-0.016989950487612183,-0.003571939786563413,0.007705319909082849,auto+fahrer+in+nen auto+fahrer,4.527932073022427
-5.9336943593919775,-0.5161649435136573,-0.031489654329198896,0.0033120666443495553,-0.0021551635961041538,müssen,7.368507251078752
-6.958607412012569,0.0002648556171900296,-0.027262493468212527,0.0012782888192403152,0.0007659694694255245,auto+fahrer müss+en,6.22084968274966
-3.9008507605318687,-1.540478748574857,-0.03663163723722112,0.005766175098900616,-0.0056558187118478515,müss+en nebel,9.644819142809112
-5.2648703639761685,-0.8531734678780345,-0.0335553956528179,0.004305671884128896,-0.0035790394635276668,rechnen,8.117433579945489
-6.200741516506199,-0.38160512517609035,-0.03052888498307245,0.0028491746169486444,-0.0014906280107760649,nebel rechn+en,7.069477500652981
-7.684144251186314,0.36583405100174415,-0.02313814841906074,-0.0006888514221688111,0.003588115977247848,viele…,5.408429971974488
-7.684144251186314,0.36583405100174415,-0.02313814841906074,-0.0006888514221688111,0.003588115977247848,mit viele…,5.408429971974488
-8.059768008295507,0.5550876499731738,-0.02047030198753452,-0.0019477268820500323,0.00538919126777896,+868,4.987830340672824
-8.059768008295507,0.5550876499731738,-0.02047030198753452,-0.0019477268820500323,0.00538919126777896,viele… +868,4.987830340672824
-8.232015094637351,0.6418693405296292,-0.019091161571863368,-0.002593847919168741,0.006311665817018738,+868 chars,4.794960690063677
1.9289330864019494,-4.477933089173165,-0.04128775235187496,0.007569410444644798,-0.007944379257425508,vorhersage nebel,16.172815159375777
-2.2245679904936733,-2.385120784504949,-0.03901299026227119,0.0068426027294713875,-0.007147787364109585,sonne dwd,11.521867401725814
-2.8343925810823283,-2.077844760926809,-0.03828516264194039,0.006523546328885194,-0.0067127259680927875,dwd erwart+et,10.839005346446266
-0.791711612287024,-3.10709714825498,-0.040246724776894574,0.0073380618711156465,-0.007790433386015545,trockenes,13.126332798007736
-3.8144479262093967,-1.5840154722342112,-0.03678651116485049,0.005838372046491309,-0.0057574844600506055,erwart+et trocken+es,9.74157031793577
-4.548752901873546,-1.2140127206837472,-0.035330665076108755,0.00515336190946197,-0.0047881634415997965,trocken+es herbst+wetter,8.91931878911935
-8.700357954439232,0.8778162890341081,-0.014719767972063404,-0.004619997712647601,0.009194678666230003,Stuttgart,4.270552438023449
-8.700357954439232,0.8778162890341081,-0.014719767972063404,-0.004619997712647601,0.009194678666230003,herbst+wetter stuttgart,4.270552438023449
-8.857710502081353,0.9570828047135196,-0.013004174165056502,-0.005406024378115659,0.010308808967330454,lsw,4.09436658554975
-8.857710502081353,0.9570828047135196,-0.013004174165056502,-0.005406024378115659,0.010308808967330454,stuttgart isw,4.09436658554975
-8.940132591900795,0.9986013533818721,-0.012046439881607987,-0.005842592099785562,0.010926509606466375,isw der,4.002080395353866
-4.929162128532373,-1.0223311062459728,-0.03443707364724047,0.004727813276825084,-0.0041821062075007125,der mensch+en,8.493348715555918
-0.5431893275521311,-3.232196660100611,-0.034803320011622764,0.007804281678278305,-0.008253489195511112,Südwesten,13.404569916505055
-6.324273742804294,-0.3193598310800043,-0.03005409722719047,0.0026204552437095636,-0.0011621325188966164,mensch+en süd+westen,6.931150730826701
-7.897959715538177,0.47356340719619583,-0.02167268339742702,-0.001381797647550781,0.004580096555938495,süd+westen komm+end+en,5.169012437709216
-7.003878757608245,0.02307569918127239,-0.02703757965261938,0.0011704527530792957,0.000920845257219638,tag+en trocken+es,6.1701568417768735
-6.501417590102949,-0.2301010104901815,-0.029336844549443422,0.002275091215885955,-0.0006660080851211628,ruhiges,6.732791869929334
-8.038347914187085,0.5442956095758813,-0.020634441204254138,-0.0018706131825505824,0.0052790030063113065,trocken+es ruhig+es,5.0118150743480046
-5.924403930396251,-0.5208462155471967,-0.03152155446353664,0.003327433801072345,-0.0021772160511349774,ruhig+es herbst+wetter,7.378910344573394
-7.955714297271686,0.5026622138141925,-0.021253271910411656,-0.0015794764485956327,0.0048628258454044525,einstellen,5.10434261715697
-7.955714297271686,0.5026622138141925,-0.021253271910411656,-0.0015794764485956327,0.0048628258454044525,herbst+wetter ein+stell+en,5.10434261715697
-8.818584510699534,0.9373734150333966,-0.01344414809866155,-0.005204934092126929,0.010024019587382915,wie kopier+e,4.138175314770228
-6.558205698747316,-0.20148682432575793,-0.029097325206945274,0.002159820983347339,-0.0005004048022107417,Morgens,6.669202787247084
-6.558205698747316,-0.20148682432575793,-0.029097325206945274,0.002159820983347339,-0.0005004048022107417,hin+zu+füg+en morgen+s,6.669202787247084
-3.9008507605318687,-1.540478748574857,-0.03663163723722112,0.005766175098900616,-0.0056558187118478515,morgen+s nebel,9.644819142809112
-6.391164601748963,-0.28565498750587537,-0.02978844383626615,0.002492513264172897,-0.000978351079363244,nachmittags,6.856248892889491
-6.391164601748963,-0.28565498750587537,-0.02978844383626615,0.002492513264172897,-0.000978351079363244,nebel nachmittags,6.856248892889491
-7.624430180051455,0.3357471700269121,-0.02352446510419256,-0.0005056176130793007,0.0033255908328510726,nachmittags sonne,5.475294378209603
-7.979587982412271,0.5146905654179688,-0.021076791703521815,-0.001662568898993964,0.004981632773428897,Tagsüber,5.077610452010001
-7.979587982412271,0.5146905654179688,-0.021076791703521815,-0.001662568898993964,0.004981632773428897,sonne tagsüber,5.077610452010001
-8.683919897232913,0.8695353833513553,-0.014891004853386968,-0.004541259742124919,0.009082936269377055,tagsüber grad,4.28895805864691
-8.762227580695516,0.908983642496171,-0.014062059609745983,-0.004921946265156227,0.009622963844509395,warm,4.201277477243034
-8.762227580695516,0.908983642496171,-0.014062059609745983,-0.004921946265156227,0.009622963844509395,grad warm,4.201277477243034
-8.929043545498917,0.9930155320747547,-0.012177805876010405,-0.0057828052666974265,0.0108419642158454,Doch,4.014496516592139
-0.10368268353167664,-3.4537729258370917,-0.040647469521596064,0.007472259017604091,-0.007943488042649287,nachts,13.896764183903887
-8.982462361107645,1.019923662448741,-0.011537550962051543,-0.0060739139982101675,0.011253483063699901,doch nachts,3.9546849530768275
-9.04962795572095,1.0537554910146023,-0.01070509446125105,-0.006451355497067459,0.011786508136858286,droht,3.879481938104293
-9.04962795572095,1.0537554910146023,-0.01070509446125105,-0.006451355497067459,0.011786508136858286,nachts droh+t,3.879481938104293
-9.101258501105406,1.0797615177026023,-0.01004337446752459,-0.006750536920863522,0.012208579377703428,droh+t frost,3.821673338998869
-9.170268764925373,1.1145206158272745,-0.009127678837064473,-0.007163319861793499,0.012790276774307038,Bodennähe,3.744405902513755
-9.170268764925373,1.1145206158272745,-0.009127678837064473,-0.007163319861793499,0.012790276774307038,frost boden+nähe,3.744405902513755
-9.403979974009447,1.2322263200133534,-0.005731485617338845,-0.008682061899591122,0.014924017924742992,+1247,3.4827359728451794
-9.403979974009447,1.2322263200133534,-0.005731485617338845,-0.008682061899591122,0.014924017924742992,süd+westen +1247,3.4827359728451794
-9.42931490207429,1.2449848609413456,-0.005333090200618354,-0.00885898406095579,0.015171909819350609,+1247 chars,3.4543707945387925
-8.68036482567029,0.8677565431524839,0.005332552899115755,-0.0030705364382483773,0.007659594902370722,Hier,4.2929537683123105
-8.68036482567029,0.8677565431524839,0.005332552899115755,-0.0030705364382483773,0.007659594902370722,herbst+wetter hier,4.2929537683123105
-8.736155247879811,0.8956276916334946,0.02723948432554666,-0.001801434214170396,0.0065566414055695695,finden,4.230612400944536
-8.736155247879811,0.8956276916334946,0.02723948432554666,-0.001801434214170396,0.0065566414055695695,hier find+en,4.230612400944536
-5.312875783731478,-0.8287015449795807,-0.0015590631692143347,0.006570168525148908,-0.0057381534747311825,Sie,8.063583661423934
-8.752044449692107,0.903008410022325,0.05377667881382827,3.781945523527973e-05,0.00480996290224639,find+en sie,4.213128628384966
-8.686613488630094,0.8698202641073818,0.06091688440877107,0.0009315343739591305,0.003799456442472225,Informationen,4.2865011203931465
-8.686613488630094,0.8698202641073818,0.06091688440877107,0.0009315343739591305,0.003799456442472225,sie information+en,4.2865011203931465
-8.136598616445156,0.5865861286040914,0.16061973129465765,0.011121708262229165,-0.0072208260991705325,information+en thema,4.905227171232106
-6.726066739876341,-0.12689087175012492,0.19102556812419,0.01826843319433407,-0.016104685704283556,thema vorhersage,6.485951965863551
-7.45791032528609,0.25196428353708633,0.0025102323551462642,0.0019442052150451857,0.0007334011125820043,Lesen,5.661728227324936
-6.958607412012569,0.0002648556171900296,-0.027262493468212527,0.0012782888192403152,0.0007659694694255245,les+en sie,6.22084968274966
-3.9008507605318687,-1.540478748574857,-0.03663163723722112,0.005766175098900616,-0.0056558187118478515,sie nebel,9.644819142809112
-9.64311884970841,1.3526449456566716,-0.0016971202620055803,-0.010462096125795538,0.017411565108257022,berichtete,3.2149995884300115
-9.64311884970841,1.3526449456566716,-0.0016971202620055803,-0.010462096125795538,0.017411565108257022,dwd bericht+ete,3.2149995884300115
-9.687467999253869,1.3749740714894376,-0.0008755009176528664,-0.01082153407746616,0.017912096847015665,heute,3.165348409711757
-9.687467999253869,1.3749740714894376,-0.0008755009176528664,-0.01082153407746616,0.017912096847015665,bericht+ete heute,3.165348409711757
-9.699731129467294,1.3811481848561304,-0.0006438349950685478,-0.010922699264334031,0.018052865110236935,Vormittag,3.1516192917676102
-9.699731129467294,1.3811481848561304,-0.0006438349950685478,-0.010922699264334031,0.018052865110236935,heute vormittag,3.1516192917676102
-9.719225981583675,1.3909630768741326,-0.00027145209744644516,-0.011085146332053673,0.018278805505861032,wied…,3.129794027502959
-9.719225981583675,1.3909630768741326,-0.00027145209744644516,-0.011085146332053673,0.018278805505861032,vormittag wied…,3.129794027502959
-9.732221263473027,1.3975055695520973,-2.0380193831626495e-05,-0.01119455731717895,0.01843091102799144,+1115,3.115245351907918
-9.732221263473027,1.3975055695520973,-2.0380193831626495e-05,-0.01119455731717895,0.01843091102799144,wied… +1115,3.115245351907918
-9.742963441637837,1.4029136592285882,0.0001889037077805241,-0.01128568719739674,0.018557559110677687,+1115 chars,3.1032191426819735
-8.617953002748555,0.8286813178569241,0.1643203337814112,0.009021878121615182,-0.004266547208271687,Trübes,4.366431915932328
-8.617953002748555,0.8286813178569241,0.1643203337814112,0.009021878121615182,-0.004266547208271687,vorhersage trüb+es,4.366431915932328
-8.58451275820611,0.8168310499456075,0.09629172157550867,0.004099048883537221,0.0004996023504035135,trüb+es woche+n+ende,4.401559062622693
-8.403039782456062,0.7280777237149283,0.0019015216374806618,-0.0018815607528199774,0.005945412949365722,woche+n+ende süd+westen,4.603460679558171
-5.458140907362111,-0.7557877723441093,-0.03300363407668057,0.004040725223723985,-0.0031998496146340392,Feldberg,7.901015649622542
-8.059768008295507,0.5550876499731738,-0.02047030198753452,-0.0019477268820500323,0.00538919126777896,süd+westen feldberg,4.987830340672824
-7.624430180051455,0.3357471700269121,-0.02352446510419256,-0.0005056176130793007,0.0033255908328510726,feldberg erwart+et,5.475294378209603
-6.838959778494636,-0.06002210754411319,-0.027839054648674595,0.0015549658412829168,0.00036855081178936364,erwart+et sturmbö+en,6.354825913044285
-3.9008507605318687,-1.540478748574857,-0.03663163723722112,0.005766175098900616,-0.0056558187118478515,sturmbö+en nebel,9.644819142809112
-2.3092453178336836,-2.342453990338646,-0.038920096240257135,0.006802624890453285,-0.007093819229699776,morgens,11.427048458327548
-2.3092453178336836,-2.342453990338646,-0.038920096240257135,0.006802624890453285,-0.007093819229699776,nebel morgens,11.427048458327548
1.9289330864019494,-4.477933089173165,-0.04128775235187496,0.007569410444644798,-0.007944379257425508,morgens nebel,16.172815159375777
-2.3092453178336836,-2.342453990338646,-0.038920096240257135,0.006802624890453285,-0.007093819229699776,nebel nachts,11.427048458327548
-4.6821575524058705,-1.1467924510061072,-0.035029196955809125,0.00501011943793072,-0.004584415520483512,nachts viel+e,8.769936511645504
-6.558205698747315,-0.20148682432575882,-0.029097325206945315,0.0021598209833475525,-0.0005004048022108354,gestaltet,6.669202787247086
-6.558205698747315,-0.20148682432575882,-0.029097325206945315,0.0021598209833475525,-0.0005004048022108354,süd+westen gestalt+et,6.669202787247086
-7.1426141721197425,0.09297994970837342,-0.026323992222257002,0.0008287000303388962,0.0014115812913440967,gestalt+et woche+n+ende,6.0148072709759655
-7.381963346673192,0.21357905343089412,-0.02499997816034536,0.0001962856897918478,0.002319202009469775,trotz,5.746795748351141
-7.381963346673192,0.21357905343089412,-0.02499997816034536,0.0001962856897918478,0.002319202009469775,woche+n+ende trotz,5.746795748351141
-7.492987013948358,0.2695191421983991,-0.0243422280170464,-0.00011699953525384083,0.0027685294292169454,gelegentlicher,5.6224772329785795
-7.492987013948358,0.2695191421983991,-0.0243422280170464,-0.00011699953525384083,0.0027685294292169454,trotz gelegentlich+er,5.6224772329785795
-7.726628985896086,0.3872398508690913,-0.022857401483145648,-0.0008218672604044311,0.003778637059023357,gelegentlich+er sonne,5.360858049397006
-7.806284721039042,0.427373913428426,-0.022317328632634248,-0.0010774001838915921,0.004144506291061088,eher,5.271664348364562
-7.806284721039042,0.427373913428426,-0.022317328632634248,-0.0010774001838915921,0.004144506291061088,sonne eher,5.271664348364562
-7.740380967394383,0.3941687257158999,-0.022765451714165434,-0.0008654055203972319,0.003840987393178015,trüb,5.345459394862049
-7.740380967394383,0.3941687257158999,-0.022765451714165434,-0.0008654055203972319,0.003840987393178015,eher trüb,5.345459394862049
-7.772687548072591,0.41044621772514356,-0.022547337030819077,-0.0009686294811809444,0.003988791760522817,auf feldberg,5.309284419714915
-8.857710502081353,0.9570828047135196,-0.013004174165056502,-0.005406024378115659,0.010308808967330454,stürmisch,4.09436658554975
-8.857710502081353,0.9570828047135196,-0.013004174165056502,-0.005406024378115659,0.010308808967330454,feldberg stürmisch,4.09436658554975
-9.372412075090303,1.2163285639447206,-0.006219093569294128,-0.00846517300879834,0.014619934009572646,+1132,3.518079797286893
-9.372412075090303,1.2163285639447206,-0.006219093569294128,-0.00846517300879834,0.014619934009572646,feldberg +1132,3.518079797286893
-9.399608120224217,1.2300246530479595,-0.005799591786087542,-0.008651791259541318,0.01488159045737886,+1132 chars,3.4876307456625937
-9.339509490823673,1.17286977130818,0.3054010409380576,0.015069340112669881,-0.008606393822391353,wetter+-+vorhersage woche+n+ende,3.5673300077526005
-9.405600611251042,1.222911501181938,0.18843128846688856,0.005511074163657521,0.0011030354169221414,vielerorts,3.4856757764987023
-9.405600611251042,1.222911501181938,0.18843128846688856,0.005511074163657521,0.0011030354169221414,woche+n+ende vielerorts,3.4856757764987023
-9.411994556024515,1.2304613069308052,0.14237217386155063,0.0020068170219411686,0.004572231436792036,sonnig,3.4765225467388423
-9.411994556024515,1.2304613069308052,0.14237217386155063,0.0020068170219411686,0.004572231436792036,vielerorts sonnig,3.4765225467388423
-9.406512470581045,1.2297922324638364,0.11342678812383522,-9.022159249308208e-05,0.0066095959741168525,Nachtfrost,3.4816901443853516
-9.406512470581045,1.2297922324638364,0.11342678812383522,-9.022159249308208e-05,0.0066095959741168525,sonnig nacht+frost,3.4816901443853516
-8.174019552235332,0.6122889135909828,0.03720785317197381,0.001743872088512165,0.0020196459055484076,Osten,4.860119737499922
-9.385025931457289,1.220920988504546,0.07721800527470696,-0.0025676266871386445,0.00896047365904232,nacht+frost osten,3.504833385809806
-9.371832157060021,1.214812527227212,0.06383832454699534,-0.003434330252369139,0.009763104131772081,osten offenbach,3.519350822034828
-8.303441092738382,0.6778294902676887,0.014651191612163706,-0.0004857994509376382,0.004410100618056866,Vielerorts,4.715028338708443
-9.33887797467116,1.1989390660825616,0.03956769045451754,-0.004928600112728495,0.011113383711589188,offenbach vielerorts,3.5558976560869104
-9.300910986208326,1.1801781305686323,0.019305670266401342,-0.0060912115569857345,0.012125406901367538,kommt,3.5982243454695833
-9.300910986208326,1.1801781305686323,0.019305670266401342,-0.0060912115569857345,0.012125406901367538,vielerorts komm+t,3.5982243454695833
-9.25942541663991,1.159419772374757,0.0018895399268850505,-0.007023784928089104,0.012904459938275364,komm+t sonne,3.644594862527486
-9.230978865344184,1.1450980623892688,-0.008290974622052527,-0.007539259008565086,0.013319404011262432,heraus,3.67643228528707
-9.230978865344184,1.1450980623892688,-0.008290974622052527,-0.007539259008565086,0.013319404011262432,sonne heraus,3.67643228528707
-9.084597186451854,1.0713693708311192,-0.01025904518097609,-0.006653108463445176,0.012071174279303244,heraus trocken,3.8403282930415554
-9.002496580722374,1.0300151534490218,-0.011292509487586262,-0.0061851412550091925,0.011410622020603688,Das,3.9322532715717093
-9.002496580722374,1.0300151534490218,-0.011292509487586262,-0.0061851412550091925,0.011410622020603688,trocken der,3.9322532715717093
-9.339509490823673,1.17286977130818,0.3054010409380576,0.015069340112669881,-0.008606393822391353,der woche+n+ende,3.5673300077526005
-8.831907504449351,0.9440847903572545,-0.01329535995981541,-0.005272975581586979,0.01012040040029117,woche+n+ende bring+t,4.123257762333758
-8.732037642038833,0.8937752736906035,-0.014385634656834432,-0.004773490390444175,0.009412439235453617,Teilen,4.235080889295569
-8.732037642038833,0.8937752736906035,-0.014385634656834432,-0.004773490390444175,0.009412439235453617,bring+t teil+en,4.235080889295569
-7.47486297329763,0.26038724014381387,-0.024451606782991665,-6.49455570165304e-05,0.0026938861796286656,Deutschlands,5.642771571301102
-8.613757193581908,0.8341895044745433,-0.015605947879173628,-0.004211959000037232,0.008615337042930299,teil+en deutschland+s,4.367519154042068
-8.320057015661487,0.6862257923380075,-0.018342914923892745,-0.002943029899928125,0.006809600682658602,bestes,4.696378316404046
-8.320057015661487,0.6862257923380075,-0.018342914923892745,-0.002943029899928125,0.006809600682658602,deutschland+s gut+es,4.696378316404046
-8.097202413026062,0.5739480716614827,-0.02017964979387417,-0.002084165635736244,0.00558410228415206,Ausflugswetter,4.9459139366419524
-8.097202413026062,0.5739480716614827,-0.02017964979387417,-0.002084165635736244,0.00558410228415206,gut+es ausflug+s+wetter,4.9459139366419524
-7.1666480944364706,0.10508981404323503,-0.026196508765730018,0.0007677093558050817,0.0014991429197439461,Anfänglicher,5.987895213786186
-3.9008507605318687,-1.540478748574857,-0.03663163723722112,0.005766175098900616,-0.0056558187118478515,anfänglich+er nebel,9.644819142809112
-6.200741516506199,-0.38160512517609035,-0.03052888498307245,0.0028491746169486444,-0.0014906280107760649,nebel kopier+e,7.069477500652981
-8.831907504449351,0.9440847903572545,-0.01329535995981541,-0.005272975581586979,0.01012040040029117,herrscht,4.123257762333758
-8.831907504449351,0.9440847903572545,-0.01329535995981541,-0.005272975581586979,0.01012040040029117,hin+zu+füg+en herrsch+t,4.123257762333758
-8.940132591900795,0.9986013533818721,-0.012046439881607987,-0.005842592099785562,0.010926509606466375,herrsch+t ruhig+es,4.002080395353866
-9.140732355964218,1.0996438593240676,-0.009524086186565401,-0.0069847991557145245,0.012538794982924161,herbst+wetter überwieg+end,3.7774763078234774
-9.267625995763384,1.1635553752663568,-0.007771085246499581,-0.007772261083631101,0.01364703659000124,überwieg+end trocken,3.6354008531174307
-9.395191637455753,1.227800503963166,-0.005868203447339199,-0.008621288373335916,0.014838833280295744,mensch+en osten,3.492575489095508
-9.421035917929512,1.2408156325880915,-0.0054639810743783435,-0.008800885299204711,0.01509052123745348,osten deutschland+s,3.4636399949849155
-9.472140733703213,1.2665511819926318,-0.004644881382573997,-0.009164009654048198,0.015598958107252859,deutschland+s müss+en,3.406422947273845
-9.497241602827252,1.279191193750537,-0.004232623132096283,-0.009346368714499675,0.015854065691072495,müss+en nachts,3.378320157743957
-9.533758028940541,1.297579256270295,-0.0036207385640155253,-0.00961653696904436,0.016231732545124267,nachts frost,3.3374368122158575
-9.552329377673646,1.306930748372402,-0.003303883152040967,-0.009756209299795517,0.016426848500408552,frost rechn+en,3.316644668133243
-9.610992552533155,1.336469207911005,-0.0022769331945699627,-0.010207827827581988,0.01705712447060655,kom…,3.2509669666512653
-9.610992552533155,1.336469207911005,-0.0022769331945699627,-0.010207827827581988,0.01705712447060655,vielerorts kom…,3.2509669666512653
-9.626176488177277,1.3441144532948086,-0.0020044695343499307,-0.010327376435919466,0.01722380810782426,+1135,3.233967578520722
-9.626176488177277,1.3441144532948086,-0.0020044695343499307,-0.010327376435919466,0.01722380810782426,kom… +1135,3.233967578520722
-9.640747132027796,1.3514507927001442,-0.0017403590231715761,-0.01044315204694286,0.01738516808453278,+1135 chars,3.2176548642443157
