,summary,Hazard,Mitigation,Impact,Causes,word
summaryOfAllWords,3960.6996727635074,1060.5354291407618,889.7116134423991,1153.4795916612243,856.973038519124,
Alpen,4.153423179561426,-0.0031693778120661428,-0.0052436658606243155,-0.01061832552614352,0.023289022714459404,Alpen
Felssturz,4.270552438023449,-0.0027365382893247306,-0.006313381515000844,-0.009655861402148832,0.022592880847425233,Felssturz
alpen fels+sturz,4.270552438023449,-0.0027365382893247306,-0.006313381515000844,-0.009655861402148832,0.022592880847425233,alpen fels+sturz
Rubihorn,8.82283165881796,-0.0061615854962707465,-0.051663659483841766,0.055488173554794074,-0.01706535842198617,Rubihorn
fels+sturz rubihor+n,4.553736686705034,-0.0017671040423071099,-0.008700762415428775,-0.007498053794121116,0.021011190382490157,fels+sturz rubihor+n
Wege,4.905788609592386,-0.0006918204473754288,-0.01133474956788586,-0.005101073697995171,0.019219818852431757,Wege
rubihor+n weg+e,4.905788609592386,-0.0006918204473754288,-0.01133474956788586,-0.005101073697995171,0.019219818852431757,rubihor+n weg+e
bleiben,5.125803194144696,-8.144700922578601e-05,-0.01282317219239082,-0.0037387622084202408,0.018185435445484736,bleiben
weg+e bleib+en,5.125803194144696,-8.144700922578601e-05,-0.01282317219239082,-0.0037387622084202408,0.018185435445484736,weg+e bleib+en
vorerst,5.622477232978579,0.0011531789761006193,-0.015818700427125944,-0.00097940005495704,0.016053941316198923,vorerst
bleib+en vorerst,5.622477232978579,0.0011531789761006193,-0.015818700427125944,-0.00097940005495704,0.016053941316198923,bleib+en vorerst
gesperrt,7.9218181933517124,0.005203928278905606,-0.02550406941853858,0.008108349562612577,0.00869073139893455,gesperrt
vorerst ge+sperr+t,6.503316009040502,0.00296610377331965,-0.020180255177781443,0.0030814915808138623,0.012828397019225777,vorerst ge+sperr+t
Nebel,148.08627888953404,0.023071754956983388,-0.06666575991672037,0.048478571455561274,-0.02920995472558458,Nebel
ge+sperr+t nebel,9.644819142809112,0.007222519131332943,-0.03025273388608458,0.012654887232120205,0.004814408573330713,ge+sperr+t nebel
blockiert,11.427048458327548,0.008816094847319924,-0.03396932511557799,0.01625102740734478,0.0016624416559310536,blockiert
nebel blockier+t,11.427048458327548,0.008816094847319924,-0.03396932511557799,0.01625102740734478,0.0016624416559310536,nebel blockier+t
Sicht,15.414395296258297,0.23220885253688078,-0.12110525003773356,-0.0821890149572109,-0.10408665443786816,Sicht
blockier+t sicht,8.822945530768859,0.16494351379627148,-0.09231126115086646,-0.056635972242041394,-0.05790739212259886,blockier+t sicht
Warum,7.934474860787043,0.0729336567887342,-0.06687636811953504,0.004368279368041339,-0.03289832119382971,Warum
sicht warum,7.934474860787043,0.0729336567887342,-0.06687636811953504,0.004368279368041339,-0.03289832119382971,sicht warum
Experten,7.573568501223663,0.029556882593475463,-0.0752147046707177,0.05689989133559621,-0.04155938294608798,Experten
warum experte+n,7.573568501223663,0.029556882593475463,-0.0752147046707177,0.05689989133559621,-0.04155938294608798,warum experte+n
Schaden,10.029154695401477,-0.12633592583022574,-0.19414286546449555,0.30367596181223333,-0.1596116699468258,Schaden
experte+n schaden,7.642645107810071,-0.10538538002343897,-0.1756979400293473,0.27384669413365,-0.1426470561145571,experte+n schaden
schaden rubihor+n,6.704667206366292,-0.013893369424574949,-0.053481591975601185,0.06571664851848391,-0.020493144040136028,schaden rubihor+n
aktuell,6.486069673572249,-0.007143453279800224,-0.04253306782742733,0.044821108063853324,-0.009707476550684744,aktuell
rubihor+n aktuell,6.486069673572249,-0.007143453279800224,-0.04253306782742733,0.044821108063853324,-0.009707476550684744,rubihor+n aktuell
Ferne,5.66111883577713,-0.009010329917580237,-0.045287139128208004,0.0511213148321869,-0.013621430560090849,Ferne
aktuell ferne,5.66111883577713,-0.009010329917580237,-0.045287139128208004,0.0511213148321869,-0.013621430560090849,aktuell ferne
einschätzen,5.540125031768516,-0.007758408635269685,-0.041526189178042835,0.044871885100042,-0.01002905340919726,einschätzen
ferne ein+schätz+en,5.540125031768516,-0.007758408635269685,-0.041526189178042835,0.044871885100042,-0.01002905340919726,ferne ein+schätz+en
Wanderer,5.401481923282107,-0.0013791214639454043,-0.021870506488948446,0.010749811610151046,0.009571880674567504,Wanderer
ein+schätz+en wanderer,5.401481923282107,-0.0013791214639454043,-0.021870506488948446,0.010749811610151046,0.009571880674567504,ein+schätz+en wanderer
bedeutet,4.108658621168852,-0.00334023041457539,-0.004820791969263182,-0.010998071930088145,0.023562115332669616,bedeutet
wanderer bedeut+et,4.108658621168852,-0.00334023041457539,-0.004820791969263182,-0.010998071930088145,0.023562115332669616,wanderer bedeut+et
Kopiere,19.35977166034482,0.012529750410845253,-0.03830358113910833,0.023836705086841756,-0.00909942740587855,Kopiere
aktuellen,18.430217883735914,0.011393174381337906,-0.03481531565273572,0.022296679201477362,-0.0090457468068768,aktuellen
kopier+e aktuell+en,18.430217883735914,0.011393174381337906,-0.03481531565273572,0.022296679201477362,-0.0090457468068768,kopier+e aktuell+en
Link,18.642946073028234,0.01082691694276241,-0.0329474708705618,0.021951377945257675,-0.009743103186179894,Link
aktuell+en link,18.642946073028234,0.01082691694276241,-0.0329474708705618,0.021951377945257675,-0.009743103186179894,aktuell+en link
Zur,19.069063642981607,0.0106168410767708,-0.03217704125977869,0.022033575408062882,-0.01037397152227043,Zur
link zu,19.069063642981607,0.0106168410767708,-0.03217704125977869,0.022033575408062882,-0.01037397152227043,link zu
Merkliste,19.498580372008256,0.010541727846801165,-0.03184131554933652,0.0222236058880971,-0.010884499241868456,Merkliste
zu merk+liste,19.498580372008256,0.010541727846801165,-0.03184131554933652,0.0222236058880971,-0.010884499241868456,zu merk+liste
hinzufügen,21.37235219822401,0.010702499315173853,-0.03197936167113926,0.02338333573691556,-0.012563326186273895,hinzufügen
merk+liste hin+zu+füg+en,19.91102351521594,0.009947332473355287,-0.029748537357143244,0.021913753664700348,-0.01183251962612073,merk+liste hin+zu+füg+en
hin+zu+füg+en nebel,16.172815159375777,0.011727626829099481,-0.040699478617694296,0.022832825171498716,-0.004288362628939758,hin+zu+füg+en nebel
bedeutet…,3.5370753452189403,-0.008662902264279414,-0.009335701732896582,0.0027220477524609638,0.016515618547183173,bedeutet…
wanderer bedeutet…,3.5370753452189403,-0.008662902264279414,-0.009335701732896582,0.0027220477524609638,0.016515618547183173,wanderer bedeutet…
+1190,3.4799190525737496,-0.00854333143785346,-0.007435411437086704,-7.011354896323518e-05,0.018147193715525565,+1190
bedeutet… +1190,3.4799190525737496,-0.00854333143785346,-0.007435411437086704,-7.011354896323518e-05,0.018147193715525565,bedeutet… +1190
chars,17.87701509771821,0.008708900725192996,-0.02888423891411441,0.022285999745435072,-0.011667250718774029,chars
+1190 chars,3.451416351031894,-0.008507391373853916,-0.00651807906548908,-0.001395749533358704,0.01892576154962841,+1190 chars
Wettervorhersage,8.63045154726985,0.006106776653550736,-0.027633977846064025,0.01014054557344309,0.006973494146295248,Wettervorhersage
wetter+vorhersage nebel,16.172815159375777,0.011727626829099481,-0.040699478617694296,0.022832825171498716,-0.004288362628939758,wetter+vorhersage nebel
Frost,25.044606540527166,0.012521553017730978,-0.03377223380137881,0.02513335978149093,-0.01549378067972495,Frost
nebel frost,13.643501045728375,0.010356756009342005,-0.03753916796373259,0.019732346340160033,-0.0014570789980351,nebel frost
Berlin/Potsdam,5.703869035663194,0.0013390231772759575,-0.01626783766413915,-0.000563607162942554,0.01572852963010155,Berlin/Potsdam
frost berlin/potsdam,5.703869035663194,0.0013390231772759575,-0.01626783766413915,-0.000563607162942554,0.01572852963010155,frost berlin/potsdam
Berlin,14.040693674235525,-0.006488362737538522,0.021321709433144015,0.0030107687301977834,-0.018600846527423522,Berlin
berlin/potsdam berlin,5.703869035663194,0.0013390231772759575,-0.01626783766413915,-0.000563607162942554,0.01572852963010155,berlin/potsdam berlin
Brandenburg,12.327698817028924,-0.00757599261102115,0.023624398387863097,0.0005207415134696932,-0.01631220090443978,Brandenburg
berlin brandenburg,12.327698817028924,-0.00757599261102115,0.023624398387863097,0.0005207415134696932,-0.01631220090443978,berlin brandenburg
nächsten,12.474947827273445,-0.007994423382462158,0.02514317968106352,0.0002278682553904572,-0.017031659485943786,nächsten
brandenburg nächst+en,9.200731220811978,-0.018461348159194986,0.056037758718932525,-0.013928241430082982,-0.018760043822497255,brandenburg nächst+en
Tagen,16.3980763518623,0.004343758607819171,-0.0012662209830356303,0.009743298242561678,-0.01740254634575012,Tagen
nächst+en tag+en,12.089883892403481,-0.007266372566587805,0.02238591484053305,0.0006188755830756744,-0.015496100632463438,nächst+en tag+en
trocken,8.696834049413626,0.0007297837638478022,-0.00860907280949704,0.004792749288655469,0.001528475452377752,trocken
tag+en trocken,5.858725680006289,-0.007118303806068034,0.01323190148186929,-0.008733943828672654,0.006631798481061564,tag+en trocken
mild,5.720739341223233,-0.006896268575977585,0.012157919069436316,-0.008882120560472336,0.007678377592931848,mild
trocken mild,5.720739341223233,-0.006896268575977585,0.012157919069436316,-0.008882120560472336,0.007678377592931848,trocken mild
Wie,14.206124005251837,0.03887964703192322,-0.04004623983326554,0.005821987479440913,-0.0162992661953765,Wie
Deutsche,7.4096343299471625,0.0002676103573180522,-0.005058643108250585,0.00043789238976595064,0.004308588610661816,Deutsche
wie deutsch+e,6.656337955665065,-0.0029847536668265416,0.0008476771609626765,-0.002616407667127702,0.006304945952518359,wie deutsch+e
Wetterdienst,8.093249233659893,0.0008033806347063032,-0.009751781105053441,0.003933304582173001,0.003768770718687758,Wetterdienst
deutsch+e wetter+dienst,6.554297487913725,-0.0029143729542842954,0.00040242462797063114,-0.0027706907946093346,0.006883929821959725,deutsch+e wetter+dienst
DWD,18.47083193000635,0.0016846494923358072,-0.0038212714551583626,0.013956628083515827,-0.017191036592593526,DWD
wetter+dienst dwd,6.417727789967435,-0.004030252832155658,0.003950065520626581,-0.004213606190313999,0.006506806180241883,wetter+dienst dwd
mitteilte,5.3614168890418155,-0.008752786318883302,0.01752872001585731,-0.011810694687435732,0.008195754964775787,mitteilte
dwd mit+teil+te,5.3614168890418155,-0.008752786318883302,0.01752872001585731,-0.011810694687435732,0.008195754964775787,dwd mit+teil+te
bleibt,9.364719098642851,0.0013148398224725796,-0.009754892696390979,0.006314011118162632,-7.54176334585909e-05,bleibt
mit+teil+te bleib+t,5.295050504699472,-0.01084664545185475,0.02436206650066641,-0.014143558458029688,0.006628333886985988,mit+teil+te bleib+t
bleib+t kopier+e,3.3952407134203613,-0.01965732481941335,0.04675681743465329,-0.03152782603219014,0.016038254075006947,bleib+t kopier+e
hin+zu+füg+en frost,3.3334223434829156,-0.05189771999810778,0.14414160045734123,-0.06488822818820028,-0.01391425644257316,hin+zu+füg+en frost
Morgen,14.779509718294653,-0.0031216318135914023,0.010484858007041858,0.00693938301420659,-0.016595349991188113,Morgen
frost morgen,7.892763014989439,-0.024525147472991494,0.07348614328917306,-0.022068924152232494,-0.020004623733140957,frost morgen
milde,7.605222733468917,-0.03960419392500966,0.11879111279419263,-0.03786279986363479,-0.0334422284953498,milde
morgen milde,7.605222733468917,-0.03960419392500966,0.11879111279419263,-0.03786279986363479,-0.0334422284953498,morgen milde
Grad,9.328081626253232,-0.04883415953836392,0.14754451678456657,-0.04451057115351603,-0.048643341322250955,Grad
milde grad,7.47230611794431,-0.06839667437559353,0.19881951967905329,-0.06730660667414588,-0.0607468789872351,milde grad
Tag,7.524232909381448,-0.10950561882479867,0.29989758488107804,-0.10890481333287615,-0.10074311138258024,Tag
grad tag,7.524232909381448,-0.10950561882479867,0.29989758488107804,-0.10890481333287615,-0.10074311138258024,grad tag
Die,13.504483498659784,-0.07146771569336845,0.21215068829916572,-0.06307296109405272,-0.08091884163768047,Die
tag der,7.738003246422222,-0.15642659503627285,0.3999113323810482,-0.15610001065744825,-0.1470422860851876,tag der
Vorhersage,28.449041809527934,-0.1338622355585618,0.37370591728701746,-0.12754892321455102,-0.16745731608604356,Vorhersage
der vorhersage,8.26261022886752,-0.2360486274535045,0.5412112447667436,-0.23592716816014336,-0.2262000642755622,der vorhersage
Deutschen,6.870915612959492,-0.09742939074261128,0.27085466644692097,-0.09798845860843484,-0.08604595764598262,Deutschen
vorhersage deutsch+en,6.870915612959492,-0.09742939074261128,0.27085466644692097,-0.09798845860843484,-0.08604595764598262,vorhersage deutsch+en
Wetterdienstes,6.5372058105472775,-0.07365466566601427,0.2112302483478505,-0.07460726763471241,-0.06138740989818391,Wetterdienstes
deutsch+en wetter+dienst+es,6.5372058105472775,-0.07365466566601427,0.2112302483478505,-0.07460726763471241,-0.06138740989818391,deutsch+en wetter+dienst+es
wetter+dienst+es dwd,6.435805455441409,-0.02868458336392978,0.08400585984411055,-0.029193739260165226,-0.017413442621947942,wetter+dienst+es dwd
dwd berlin,6.98214569431755,-0.023811904792256044,0.06982546192662469,-0.023053879355953613,-0.01540649637972304,dwd berlin
Be…,3.028187661575609,-0.038040839114494705,0.10227140399528847,-0.052934924653733166,0.0037847738368051906,Be…
+822,3.0186480022847775,-0.036984168324371916,0.09904254341191157,-0.05192831532480653,0.004941713876292259,+822
be… +822,3.0186480022847775,-0.036984168324371916,0.09904254341191157,-0.05192831532480653,0.004941713876292259,be… +822
+822 chars,3.009481792556919,-0.0360055542201714,0.09603793257295537,-0.05099897520918335,0.006018981712604656,+822 chars
möglich,8.438496374599387,0.0058734796443044995,-0.027084559182969606,0.009615211419535074,0.007419820452986471,möglich
frost möglich,5.703869035663194,0.0013390231772759575,-0.01626783766413915,-0.000563607162942554,0.01572852963010155,frost möglich
Eisige,5.125803194144696,-8.144700922578601e-05,-0.01282317219239082,-0.0037387622084202408,0.018185435445484736,Eisige
möglich eisig+e,5.125803194144696,-8.144700922578601e-05,-0.01282317219239082,-0.0037387622084202408,0.018185435445484736,möglich eisig+e
Nächte,4.830420312287715,-0.0009112276850428177,-0.010798516535172754,-0.005590475484949582,0.019588529186589678,Nächte
eisig+e nacht+e,4.830420312287715,-0.0009112276850428177,-0.010798516535172754,-0.005590475484949582,0.019588529186589678,eisig+e nacht+e
nacht+e berlin,4.527932073022427,-0.0018512812945614466,-0.00849393427544182,-0.007685539175424805,0.021149776145834954,nacht+e berlin
erwartet,17.887552074675053,0.011512093994317324,-0.03889876639462098,0.023576873052566685,-0.006854325859352458,erwartet
brandenburg erwart+et,4.117356734160125,-0.008994799636967627,0.014520166575967209,-0.016720120162442117,0.01805079152510256,brandenburg erwart+et
erwart+et frost,6.354825913044285,0.00268824518372288,-0.01951463850452628,0.002458410103960604,0.013330149846693598,erwart+et frost
kommenden,9.120020590866616,0.012912474821095008,-0.02151948371411162,0.004793384801708662,-0.00044781411249531975,kommenden
bleib+t komm+end+en,3.978612792850318,-0.012214110360306236,0.024784550556659218,-0.02066339384199899,0.0163633499135014,bleib+t komm+end+en
beiden,3.949287305039399,-0.011974650222558987,0.02387490845813905,-0.02056407762563388,0.016898300557405245,beiden
komm+end+en beide+n,3.949287305039399,-0.011974650222558987,0.02387490845813905,-0.02056407762563388,0.016898300557405245,komm+end+en beide+n
Nächten,3.9295554273691606,-0.011820912197925488,0.02328623955660078,-0.02050574637336274,0.017253008138607178,Nächten
beide+n nacht+en,3.9295554273691606,-0.011820912197925488,0.02328623955660078,-0.02050574637336274,0.017253008138607178,beide+n nacht+en
frostig,3.894518538857903,-0.011562262510514372,0.022286454568156887,-0.020418741875304788,0.017872825462454778,frostig
nacht+en frostig,3.894518538857903,-0.011562262510514372,0.022286454568156887,-0.020418741875304788,0.017872825462454778,nacht+en frostig
minus,3.8467225437492574,-0.011238271447559699,0.021014295038860816,-0.020333611232187843,0.018698573436317544,minus
frostig minus,3.8467225437492574,-0.011238271447559699,0.021014295038860816,-0.020333611232187843,0.018698573436317544,frostig minus
Gra…,2.9128666967454038,-0.015419602458365959,0.03042895047044923,-0.03070220662351504,0.027183157048470418,Gra…
minus gra…,2.9128666967454038,-0.015419602458365959,0.03042895047044923,-0.03070220662351504,0.027183157048470418,minus gra…
+916,2.9062270980060974,-0.015332182206205597,0.030101849901677573,-0.030667746121837185,0.027376329660343625,+916
gra… +916,2.9062270980060974,-0.015332182206205597,0.030101849901677573,-0.030667746121837185,0.027376329660343625,gra… +916
+916 char+s,2.9008061310710094,-0.015262690479557993,0.02984081741073964,-0.030641694548907902,0.027532532090540244,+916 char+s
frost frost,6.354825913044285,0.00268824518372288,-0.01951463850452628,0.002458410103960604,0.013330149846693598,frost frost
Grad.…,2.9760838595282473,-0.012361261967671431,0.020629424992464618,-0.027057520902295337,0.029067735413903277,Grad.…
minus grad.…,2.9760838595282473,-0.012361261967671431,0.020629424992464618,-0.027057520902295337,0.029067735413903277,minus grad.…
+722,2.9653692577715356,-0.012328766402812764,0.020459776810307532,-0.02710983181863253,0.029270331649887068,+722
grad.… +722,2.9653692577715356,-0.012328766402812764,0.020459776810307532,-0.02710983181863253,0.029270331649887068,grad.… +722
+722 char+s,2.958851878043614,-0.012310385873760248,0.02036105465710297,-0.027143326246785403,0.029392704802845577,+722 char+s
Sturmflut,6.22084968274966,0.0024287278691885756,-0.01889202725608367,0.0018766802739976411,0.013796369383054475,Sturmflut
sturm+flut nebel,9.644819142809112,0.007222519131332943,-0.03025273388608458,0.012654887232120205,0.004814408573330713,sturm+flut nebel
Verletzte,7.141448773522874,-0.037166431191084155,-0.062423277072361484,0.09667397120085496,-0.029060828469924197,Verletzte
nebel verletz+t+e,7.141448773522874,-0.037166431191084155,-0.062423277072361484,0.09667397120085496,-0.029060828469924197,nebel verletz+t+e
Orkantief,8.950097798707557,-0.0007531485940843132,-0.035496510318710844,0.027767071619747258,-0.000760424148689656,Orkantief
verletz+t+e orkan+tief,5.5380142559264245,-0.010583935633581598,-0.026368424303829956,0.025500141111672772,0.00526865008126724,verletz+t+e orkan+tief
Detlef,8.723688139812513,0.0026536475687883687,-0.03133630284730738,0.018718075288622227,0.0033034959412183962,Detlef
orkan+tief detlef,8.723688139812513,0.0026536475687883687,-0.03133630284730738,0.018718075288622227,0.0033034959412183962,orkan+tief detlef
fegt,6.720124102083926,-0.00015759299414136617,-0.024483099553949693,0.01221433240998479,0.008725396007514345,fegt
detlef feg+t,4.721320294529744,-0.006612400095444209,-0.015105529671866553,0.006399579767358599,0.014966863865950359,detlef feg+t
Deutschland,7.046765395809443,0.018749486523209673,-0.03086925815676923,0.004093903248170234,0.002611799673846558,Deutschland
feg+t deutschland,4.4498141875349715,-0.006116454988120245,-0.01165540924720834,0.0012562159747249392,0.017726694073003407,feg+t deutschland
bringt,6.5178961110026155,0.002992855304759336,-0.02024428479026225,0.003141493232301739,0.01277994866176947,bringt
detlef bring+t,4.665855784859059,-0.0014102732348035656,-0.009576506525742217,-0.00670303977227788,0.020421069614663844,detlef bring+t
stürmisches,4.905788609592386,-0.0006918204473754288,-0.01133474956788586,-0.005101073697995171,0.019219818852431757,stürmisches
bring+t stürmisch+es,4.905788609592386,-0.0006918204473754288,-0.01133474956788586,-0.005101073697995171,0.019219818852431757,bring+t stürmisch+es
Wetter,7.206202490993326,0.004159245088897739,-0.023026837627208002,0.0057597847667683,0.010643596622758732,Wetter
stürmisch+es wetter,5.546478550734133,0.0009757521111555384,-0.01538947256538438,-0.0013762546985390534,0.016363497863612506,stürmisch+es wetter
Regen,17.961062540853845,0.012525364165533688,-0.04253277734030677,0.024637913098603883,-0.005958412598767192,Regen
wetter regen,6.354825913044285,0.00268824518372288,-0.01951463850452628,0.002458410103960604,0.013330149846693598,wetter regen
regen nebel,16.172815159375777,0.011727626829099481,-0.040699478617694296,0.022832825171498716,-0.004288362628939758,regen nebel
Harz,6.856248892889491,0.0035887504673052083,-0.021668095413971994,0.004478623118946666,0.011694353188465253,Harz
Nordseeinseln,5.703869035663194,0.0013390231772759575,-0.01626783766413915,-0.000563607162942554,0.01572852963010155,Nordseeinseln
harz nordseeinsel+n,5.703869035663194,0.0013390231772759575,-0.01626783766413915,-0.000563607162942554,0.01572852963010155,harz nordseeinsel+n
betroffen,4.905788609592386,-0.0006918204473754288,-0.01133474956788586,-0.005101073697995171,0.019219818852431757,betroffen
nordseeinsel+n betreff+en,4.905788609592386,-0.0006918204473754288,-0.01133474956788586,-0.005101073697995171,0.019219818852431757,nordseeinsel+n betreff+en
Bayern,11.993328909933535,0.010645209632798587,-0.03548218518170591,0.016697862268669917,0.0002836759696267438,Bayern
fällt,4.327207188950901,-0.0025341990347338334,-0.006812647365049172,-0.00920573507793483,0.022265335711312294,fällt
bayern fall+t,4.327207188950901,-0.0025341990347338334,-0.006812647365049172,-0.00920573507793483,0.022265335711312294,bayern fall+t
erste,4.153423179561426,-0.0031693778120661428,-0.0052436658606243155,-0.01061832552614352,0.023289022714459404,erste
fall+t erst+e,4.153423179561426,-0.0031693778120661428,-0.0052436658606243155,-0.01061832552614352,0.023289022714459404,fall+t erst+e
Schnee,4.06666136042346,-0.0035033809309835857,-0.004416651734702293,-0.011360614156889517,0.023822007809468315,Schnee
erst+e schnee,4.06666136042346,-0.0035033809309835857,-0.004416651734702293,-0.011360614156889517,0.023822007809468315,erst+e schnee
Windiger,3.9779430927471084,-0.0038575163197346906,-0.003538325294646165,-0.012147266275779046,0.024383158384260004,Windiger
schnee windig+er,3.9779430927471084,-0.0038575163197346906,-0.003538325294646165,-0.012147266275779046,0.024383158384260004,schnee windig+er
Herbst,3.879481938104293,-0.004266461349096,-0.0025222156881985467,-0.01305519004347074,0.02502612939137723,Herbst
windig+er herbst,3.879481938104293,-0.004266461349096,-0.0025222156881985467,-0.01305519004347074,0.02502612939137723,windig+er herbst
statt,3.8125622815451887,-0.004554570365141213,-0.0018051805735379187,-0.013694534198887009,0.025475904639394018,statt
herbst statt,3.8125622815451887,-0.004554570365141213,-0.0018051805735379187,-0.013694534198887009,0.025475904639394018,herbst statt
goldener,3.760701502225954,-0.00478381820403815,-0.001233957482928478,-0.014203081679842494,0.02583190935834596,goldener
statt golden+er,3.760701502225954,-0.00478381820403815,-0.001233957482928478,-0.014203081679842494,0.02583190935834596,statt golden+er
Oktober,3.7947545645613876,-0.004632687987547178,-0.0016105999937431304,-0.013867842492998257,0.025597402073537372,Oktober
golden+er oktober,3.7947545645613876,-0.004632687987547178,-0.0016105999937431304,-0.013867842492998257,0.025597402073537372,golden+er oktober
Wochenende,12.145501146152911,-0.042222959964368846,0.13113103203902735,-0.034676281979300304,-0.0496433381558874,Wochenende
detlef woche+n+ende,4.184960677404051,-0.0030508467383030206,-0.005536831013640052,-0.010354818023509689,0.023098999931930778,detlef woche+n+ende
große,4.388508690461576,-0.0023201599612111628,-0.0073402261956963775,-0.008729438876726493,0.021917372623437573,große
woche+n+ende groß+e,4.388508690461576,-0.0023201599612111628,-0.0073402261956963775,-0.008729438876726493,0.021917372623437573,woche+n+ende groß+e
Teile,4.527932073022427,-0.0018512812945614466,-0.00849393427544182,-0.007685539175424805,0.021149776145834954,Teile
groß+e teil+e,4.527932073022427,-0.0018512812945614466,-0.00849393427544182,-0.007685539175424805,0.021149776145834954,groß+e teil+e
Landes,4.830420312287715,-0.0009112276850428177,-0.010798516535172754,-0.005590475484949582,0.019588529186589678,Landes
teil+e land+es,4.830420312287715,-0.0009112276850428177,-0.010798516535172754,-0.005590475484949582,0.019588529186589678,teil+e land+es
fest,5.125803194144696,-8.144700922578601e-05,-0.01282317219239082,-0.0037387622084202408,0.018185435445484736,fest
land+es fest,5.125803194144696,-8.144700922578601e-05,-0.01282317219239082,-0.0037387622084202408,0.018185435445484736,land+es fest
Griff,5.622477232978579,0.0011531789761006193,-0.015818700427125944,-0.00097940005495704,0.016053941316198923,Griff
fest griff,5.622477232978579,0.0011531789761006193,-0.015818700427125944,-0.00097940005495704,0.016053941316198923,fest griff
griff regen,6.856248892889491,0.0035887504673052083,-0.021668095413971994,0.004478623118946666,0.011694353188465253,griff regen
Sturmböen,10.114236764845668,0.007681871143224218,-0.031326792944838575,0.013690917908183853,0.003913929766292638,Sturmböen
nebel sturmbö+en,6.354825913044285,0.00268824518372288,-0.01951463850452628,0.002458410103960604,0.013330149846693598,nebel sturmbö+en
Vom,5.345459394862047,0.0004871964283468809,-0.014205384329780291,-0.002468481829938158,0.01721025138693447,Vom
Brocken,5.125803194144696,-8.144700922578601e-05,-0.01282317219239082,-0.0037387622084202408,0.018185435445484736,Brocken
von brocken,5.125803194144696,-8.144700922578601e-05,-0.01282317219239082,-0.0037387622084202408,0.018185435445484736,von brocken
Schwarzwald,4.553736686705034,-0.0017671040423071099,-0.008700762415428775,-0.007498053794121116,0.021011190382490157,Schwarzwald
brocken schwarzwald,4.553736686705034,-0.0017671040423071099,-0.008700762415428775,-0.007498053794121116,0.021011190382490157,brocken schwarzwald
schwarzwald feg+t,4.28895805864691,-0.0026703165381421925,-0.006476837635855794,-0.009508558055929723,0.022485830806207037,schwarzwald feg+t
Wind,4.138175314770228,-0.0032272268056316145,-0.005100524654781008,-0.010746914122522896,0.02338159602909547,Wind
feg+t wind,4.138175314770228,-0.0032272268056316145,-0.005100524654781008,-0.010746914122522896,0.02338159602909547,feg+t wind
volle…,4.014496516592139,-0.003710012398367425,-0.00390434608791764,-0.011819658217502794,0.02414992214994567,volle…
wind volle…,4.014496516592139,-0.003710012398367425,-0.00390434608791764,-0.011819658217502794,0.02414992214994567,wind volle…
+4356,3.9213320830047107,-0.004090523672979356,-0.0029596098498903536,-0.0126646425504616,0.02475016587435199,+4356
volle… +4356,3.9213320830047107,-0.004090523672979356,-0.0029596098498903536,-0.0126646425504616,0.02475016587435199,volle… +4356
+4356 chars,3.8595866076517367,-0.0043512319623166835,-0.002311341163865715,-0.013243330883976522,0.0251587415541989,+4356 chars
Prozesse,3.5733863590458497,-0.005658831027460235,0.0009517415897093551,-0.016142730529418906,0.02717560284266811,Prozesse
verletzte,3.6555250605227285,-0.005265696786809967,-3.1317053253706016e-05,-0.015271541624211673,0.026574843851020602,verletzte
prozeß+e verletz+t+e,3.6555250605227285,-0.005265696786809967,-3.1317053253706016e-05,-0.015271541624211673,0.026574843851020602,prozeß+e verletz+t+e
Passagiere,3.7285668759204484,-0.0049285857704763235,-0.0008729293945091941,-0.014524143658810565,0.02605586885246005,Passagiere
verletz+t+e passagier+e,3.7285668759204484,-0.0049285857704763235,-0.0008729293945091941,-0.014524143658810565,0.02605586885246005,verletz+t+e passagier+e
Schiffsführerin,3.8403282930415554,-0.0044339964609405695,-0.002105376867727452,-0.013426998424499237,0.02528799452332565,Schiffsführerin
passagier+e schiff+s+führer+in,3.8403282930415554,-0.0044339964609405695,-0.002105376867727452,-0.013426998424499237,0.02528799452332565,passagier+e schiff+s+führer+in
Gericht,4.06666136042346,-0.0035033809309835857,-0.004416651734702293,-0.011360614156889517,0.023822007809468315,Gericht
schiff+s+führer+in gericht,4.06666136042346,-0.0035033809309835857,-0.004416651734702293,-0.011360614156889517,0.023822007809468315,schiff+s+führer+in gericht
gericht morgen,4.235080889295569,-0.0028655112540079118,-0.0059948798832690055,-0.009942708275506413,0.02280095491191443,gericht morgen
20.,6.625912402844972,0.0031881942401571326,-0.020711538869109668,0.00357969203369803,0.012425431060849415,20.
morgen 20.,6.625912402844972,0.0031881942401571326,-0.020711538869109668,0.00357969203369803,0.012425431060849415,morgen 20.
Januar,6.807255168865453,0.0035053032821381423,-0.021468992330099516,0.004291309210647507,0.011847112868640857,Januar
20. januar,6.807255168865453,0.0035053032821381423,-0.021468992330099516,0.004291309210647507,0.011847112868640857,20. januar
stößt,7.187966433746409,0.004130571395779926,-0.02295864701759444,0.005695368554430533,0.01069667470703531,stößt
januar stoß+t,7.187966433746409,0.004130571395779926,-0.02295864701759444,0.005695368554430533,0.01069667470703531,januar stoß+t
Hadag-Fähre,8.049125950121464,0.005374889708490504,-0.025908153102801947,0.008492989443293913,0.008367641855932138,Hadag-Fähre
stoß+t hadag-fähr+e,8.049125950121464,0.005374889708490504,-0.025908153102801947,0.008492989443293913,0.008367641855932138,stoß+t hadag-fähr+e
dichten,10.691579855279599,0.008205689746196789,-0.032548829338417684,0.014872921631808948,0.0028790238109460088,dichten
hadag-fähr+e dicht+en,10.691579855279599,0.008205689746196789,-0.032548829338417684,0.014872921631808948,0.0028790238109460088,hadag-fähr+e dicht+en
dicht+en nebel,16.172815159375777,0.011727626829099481,-0.040699478617694296,0.022832825171498716,-0.004288362628939758,dicht+en nebel
Schubverband,8.91931878911935,0.006443628678431151,-0.028426125159726777,0.010899315601762315,0.0063259015007698215,Schubverband
nebel schub+verband,8.91931878911935,0.006443628678431151,-0.028426125159726777,0.010899315601762315,0.0063259015007698215,nebel schub+verband
zusammen,7.527922517031153,0.004647557161836235,-0.024186492354493945,0.006857167613807182,0.009735378322759095,zusammen
schub+verband zusammen,7.527922517031153,0.004647557161836235,-0.024186492354493945,0.006857167613807182,0.009735378322759095,schub+verband zusammen
Dabei,6.906870155833177,0.003674011013191491,-0.021871430502830417,0.0046700297012051886,0.011538026727827678,Dabei
Menschen,12.015344846063439,0.009264710577049291,-0.03501100578268971,0.01726431796231256,0.0007611956168026465,Menschen
dabei mensch+en,6.253115197564603,0.002492019710367493,-0.01904395461417805,0.0020185343472800482,0.013682881438123608,dabei mensch+en
verletzt,5.987895213786187,0.0019560251370742163,-0.017755640440502294,0.0008176345240037577,0.014639577355735702,verletzt
mensch+en verletz+t,5.987895213786187,0.0019560251370742163,-0.017755640440502294,0.0008176345240037577,0.014639577355735702,mensch+en verletz+t
konnte,5.662459061874675,0.0012449998758327931,-0.01604066576509088,-0.0007739815284795457,0.01589331325315995,konnte
wie könn+e,5.662459061874675,0.0012449998758327931,-0.01604066576509088,-0.0007739815284795457,0.01589331325315995,wie könn+e
Unfall,6.11786418085529,0.0022232318382831412,-0.018398379160683563,0.0014161971443024883,0.01416388528373671,Unfall
könn+e unfall,3.7690275284459016,-0.004746652183678946,-0.0013266056444742565,-0.014120645780326884,0.02577430604845977,könn+e unfall
kommen,3.713163266417936,-0.004998735899239892,-0.0006979009636084903,-0.014679698672751347,0.02616415629134537,kommen
unfall komm+en,3.713163266417936,-0.004998735899239892,-0.0006979009636084903,-0.014679698672751347,0.02616415629134537,unfall komm+en
hin+zu+füg+en morgen,4.235080889295569,-0.0028655112540079118,-0.0059948798832690055,-0.009942708275506413,0.02280095491191443,hin+zu+füg+en morgen
+1274,3.821673338998869,-0.004514841761844985,-0.0019041124450583037,-0.01360638708109597,0.025414040006804813,+1274
könn+e +1274,3.821673338998869,-0.004514841761844985,-0.0019041124450583037,-0.01360638708109597,0.025414040006804813,könn+e +1274
+1274 chars,3.7690275284459016,-0.004746652183678946,-0.0013266056444742565,-0.014120645780326884,0.02577430604845977,+1274 chars
Kaum,4.4873415416160345,0.023018648656594805,0.1240399813838442,-0.08794591088121433,-0.05403856264061144,Kaum
vorhersage kaum,4.4873415416160345,0.023018648656594805,0.1240399813838442,-0.08794591088121433,-0.05403856264061144,vorhersage kaum
Sonne,39.07654538144211,0.02783835910915655,-0.039010850723860666,0.023976537382815497,-0.028271804782883575,Sonne
kaum sonne,9.250642939967031,0.05805282394778187,0.04056109373231592,-0.049613386579833905,-0.05318491094634277,kaum sonne
sonne sicht,4.859613905795714,0.17852784241667893,-0.033750899260887514,-0.10562843450041857,-0.07526765938200566,sonne sicht
trübe,4.768423277580655,0.07477106304291047,-0.02747038630265967,-0.041350087166798694,-0.0135164958686296,trübe
sicht trüb+e,4.768423277580655,0.07477106304291047,-0.02747038630265967,-0.041350087166798694,-0.0135164958686296,sicht trüb+e
Tage,4.87019532695301,0.04041633303890656,-0.026109801120964816,-0.021393532979784982,0.004196143027387193,Tage
trüb+e tag+e,4.87019532695301,0.04041633303890656,-0.026109801120964816,-0.021393532979784982,0.004196143027387193,trüb+e tag+e
tag+e bayern,5.180071593245248,0.0019628406765356252,-0.013849932368903741,-0.00413760745404277,0.01725637960562045,tag+e bayern
bayern erwart+et,5.622477232978579,0.0011531789761006193,-0.015818700427125944,-0.00097940005495704,0.016053941316198923,bayern erwart+et
Dichter,10.691579855279599,0.008205689746196789,-0.032548829338417684,0.014872921631808948,0.0028790238109460088,Dichter
erwart+et dichter,6.669202787247084,0.0032651038141499776,-0.020895368939862134,0.0037522542062422243,0.012285487807120325,erwart+et dichter
dichter nebel,16.172815159375777,0.011727626829099481,-0.040699478617694296,0.022832825171498716,-0.004288362628939758,dichter nebel
viele,16.669545529356714,0.01196132457061702,-0.041236940898676216,0.02336157402790749,-0.004775947802901199,viele
nebel viel+e,11.035202567539764,0.008498248471591979,-0.03323011703457809,0.015533335946082999,0.0022973420150958074,nebel viel+e
Wolken,15.769760942294027,0.010718447059834012,-0.03730855771578754,0.021566669095111925,-0.004670379517300286,Wolken
viel+e wolke+n,14.520549165647394,0.010870510434130714,-0.038725148886234705,0.020894037015313605,-0.0025122386074439944,viel+e wolke+n
kaum,7.951238176937476,0.005243802778366015,-0.025598349158341294,0.008198054388067347,0.008615462578847228,kaum
wolke+n kaum,7.951238176937476,0.005243802778366015,-0.025598349158341294,0.008198054388067347,0.008615462578847228,wolke+n kaum
sonne bayern,7.435906299136191,0.005738325152753115,-0.024304712039275964,0.006085525002692118,0.009545489030155585,sonne bayern
bayern bleib+t,6.583873919812934,0.003112761123361198,-0.02053116163509306,0.003410460625722619,0.012562489567937915,bayern bleib+t
bleib+t nächst+en,6.0148072709759655,0.002012097513771648,-0.017890596389211144,0.0009432215759189957,0.014539960313913544,bleib+t nächst+en
überwiegend,7.151017818693296,0.004072132327928651,-0.022819636561736297,0.005564091313182338,0.01080476474414035,überwiegend
tag+en überwieg+end,5.662459061874675,0.0012449998758327931,-0.01604066576509088,-0.0007739815284795457,0.01589331325315995,tag+en überwieg+end
grau,6.947794860219323,0.003742240431409331,-0.022034079836794822,0.004823218195023045,0.011412747248553786,grau
überwieg+end grau,5.441350285442693,0.0007238415025497432,-0.014779328886151416,-0.0019395306273153382,0.016801134220418477,überwieg+end grau
sonne möglich,5.177233398722646,5.516678656785187e-05,-0.013155635099004944,-0.003433681121389566,0.01795216866502427,sonne möglich
sagt,5.199039015404397,0.0001124314060353812,-0.013294920252375525,-0.003305781454969461,0.01785419886489916,sagt
möglich sag+t,5.199039015404397,0.0001124314060353812,-0.013294920252375525,-0.003305781454969461,0.01785419886489916,möglich sag+t
sag+t wetter+dienst,3.879481938104293,-0.004266461349096,-0.0025222156881985467,-0.01305519004347074,0.02502612939137723,sag+t wetter+dienst
voraus,4.027154426972656,-0.0036594596200577897,-0.004029729785614155,-0.011707364431317802,0.024069825192641305,voraus
wetter+dienst voraus,4.027154426972656,-0.0036594596200577897,-0.004029729785614155,-0.011707364431317802,0.024069825192641305,wetter+dienst voraus
hin+zu+füg+en dichter,6.669202787247084,0.0032651038141499776,-0.020895368939862134,0.0037522542062422243,0.012285487807120325,hin+zu+füg+en dichter
Wett…,3.518079797286893,-0.00593239484994927,0.0016367927971443214,-0.01674868987634194,0.0275908343868523,Wett…
sag+t wett…,3.518079797286893,-0.00593239484994927,0.0016367927971443214,-0.01674868987634194,0.0275908343868523,sag+t wett…
+1034,3.4827359728451794,-0.006111127068338268,0.0020847994320694436,-0.01714447795346148,0.027860889938176356,+1034
wett… +1034,3.4827359728451794,-0.006111127068338268,0.0020847994320694436,-0.01714447795346148,0.027860889938176356,wett… +1034
+1034 char+s,3.4543707945387925,-0.006256847582003695,0.0024503082319451237,-0.017467098314000708,0.02808034838894752,+1034 char+s
Liveticker,3.9977961193971994,-0.02893329183959533,-0.027491925241381585,0.0459632909588216,0.00013629546637916492,Liveticker
Hessen,11.753596189344885,-0.021431426897214972,-0.06415514334203258,0.08463698356825977,-0.028529357352231825,Hessen
live+ticker hessen,4.167544893085991,-0.03792653836212187,-0.03829680852767838,0.06834625789248856,-0.010197253549422948,live+ticker hessen
Frankfurt,6.46210372341183,-0.060402882385865275,-0.08069587423041215,0.13858365465846942,-0.04819356134007426,Frankfurt
hessen frankfurt,4.365267595805931,-0.05291601333026545,-0.054990301378823714,0.10260769368494475,-0.026457612803739976,hessen frankfurt
frankfurt schaden,4.903998897748068,-0.12300768220073865,-0.12752867810678586,0.23774686455656738,-0.09839173601455448,frankfurt schaden
250.000,4.78498493803471,-0.033049893607712606,-0.040897076730397754,0.06663626817453105,-0.010972900768520222,250.000
schaden 250.000,4.78498493803471,-0.033049893607712606,-0.040897076730397754,0.06663626817453105,-0.010972900768520222,schaden 250.000
Euro,4.9562256122814325,-0.010920449467886121,-0.02156337858839672,0.019538082485483305,0.008991189831921013,Euro
250.000 euro,4.9562256122814325,-0.010920449467886121,-0.02156337858839672,0.019538082485483305,0.008991189831921013,250.000 euro
Feuer,5.408429971974488,0.0006433549567031472,-0.01458420589189865,-0.0021194556309644223,0.01694049828286831,Feuer
euro feuer,5.408429971974488,0.0006433549567031472,-0.01458420589189865,-0.0021194556309644223,0.01694049828286831,euro feuer
Holzhandel,6.22084968274966,0.0024287278691885756,-0.01889202725608367,0.0018766802739976411,0.013796369383054475,Holzhandel
feuer holz+handel,6.22084968274966,0.0024287278691885756,-0.01889202725608367,0.0018766802739976411,0.013796369383054475,feuer holz+handel
holz+handel nebel,9.644819142809112,0.007222519131332943,-0.03025273388608458,0.012654887232120205,0.004814408573330713,holz+handel nebel
Sprühregen,7.9287057247653925,0.005213283334377898,-0.025526190404736686,0.008129395031493175,0.00867307718164504,Sprühregen
nebel sprüh+regen,6.354825913044285,0.00268824518372288,-0.01951463850452628,0.002458410103960604,0.013330149846693598,nebel sprüh+regen
sprüh+regen hessen,4.167544893085991,-0.03792653836212187,-0.03829680852767838,0.06834625789248856,-0.010197253549422948,sprüh+regen hessen
+++,9.74157031793577,0.007319854552287077,-0.030480517284253914,0.012874378549374501,0.004624156329303388,+++
hessen +++,4.867328616275585,-0.0008030922852013102,-0.0110628791598153,-0.005349292397729237,0.019407014561066048,hessen +++
Nach,8.101463992030444,0.005443997541449818,-0.02607139306996971,0.008648495871158847,0.00823676167204159,Nach
+++ nach,7.127629897747137,0.00403490194547078,-0.0227310525837295,0.00548046254196897,0.010873565914607666,+++ nach
nach unfall,4.5803820372975155,-0.0016810038548285963,-0.008912221569581895,-0.007306261720963279,0.020869192246781045,nach unfall
Bundesstraße,4.388508690461576,-0.0023201599612111628,-0.0073402261956963775,-0.008729438876726493,0.021917372623437573,Bundesstraße
unfall bund+es+straße,4.388508690461576,-0.0023201599612111628,-0.0073402261956963775,-0.008729438876726493,0.021917372623437573,unfall bund+es+straße
Südhessen,4.06666136042346,-0.0035033809309835857,-0.004416651734702293,-0.011360614156889517,0.023822007809468315,Südhessen
bund+es+straße südhessen,4.06666136042346,-0.0035033809309835857,-0.004416651734702293,-0.011360614156889517,0.023822007809468315,bund+es+straße südhessen
Groß-Umstadt,3.9000506452721257,-0.004179591728729207,-0.0027382251305155107,-0.012862368088929254,0.024889995577245343,Groß-Umstadt
südhessen groß-umstadt,3.9000506452721257,-0.004179591728729207,-0.0027382251305155107,-0.012862368088929254,0.024889995577245343,südhessen groß-umstadt
voll,3.7774763078234774,-0.004709080725051548,-0.0014202485720756148,-0.01403730643276956,0.025716030069564768,voll
groß-umstadt voll,3.7774763078234774,-0.004709080725051548,-0.0014202485720756148,-0.01403730643276956,0.025716030069564768,groß-umstadt voll
voll ge+sperr+t,3.7364306729473538,-0.004892963140502904,-0.0009617886686573789,-0.014445146400296083,0.026000820762716266,voll ge+sperr+t
ge+sperr+t +++,4.867328616275585,-0.0008030922852013102,-0.0110628791598153,-0.005349292397729237,0.019407014561066048,ge+sperr+t +++
Lkw-Brand,3.6097039309686343,-0.0054831161145561,0.0005121462358919972,-0.01575339969387147,0.026907678987219897,Lkw-Brand
nach lkw+-+brand,3.6097039309686343,-0.0054831161145561,0.0005121462358919972,-0.01575339969387147,0.026907678987219897,nach lkw+-+brand
Asphalt,3.4876307456625937,-0.006086188183063967,0.002022267876901414,-0.017089258170292786,0.02782326686208213,Asphalt
lkw+-+brand asphalt,3.4876307456625937,-0.006086188183063967,0.002022267876901414,-0.017089258170292786,0.02782326686208213,lkw+-+brand asphalt
geprüft,3.4498032482779504,-0.006280505783043438,0.002509670706392283,-0.017519471224858283,0.028115917534791694,geprüft
asphalt ge+prüf+t,3.4498032482779504,-0.006280505783043438,0.002509670706392283,-0.017519471224858283,0.028115917534791694,asphalt ge+prüf+t
ge+prüf+t +++,4.867328616275585,-0.0008030922852013102,-0.0110628791598153,-0.005349292397729237,0.019407014561066048,ge+prüf+t +++
Liveblog,3.39821482623272,-0.006551527767580524,0.0031901246101177904,-0.018119331265221042,0.02852218461394881,Liveblog
+++ liveblog,3.39821482623272,-0.006551527767580524,0.0031901246101177904,-0.018119331265221042,0.02852218461394881,+++ liveblog
liveblog frankfurt,4.365267595805931,-0.05291601333026545,-0.054990301378823714,0.10260769368494475,-0.026457612803739976,liveblog frankfurt
frankfurt hessen,4.167544893085991,-0.03792653836212187,-0.03829680852767838,0.06834625789248856,-0.010197253549422948,frankfurt hessen
Hanau/Offenbach,3.277864463373871,-0.0072124498190953516,0.0048526241686825825,-0.01958133372710852,0.029503727143641925,Hanau/Offenbach
hessen hanau/offenbach,3.277864463373871,-0.0072124498190953516,0.0048526241686825825,-0.01958133372710852,0.029503727143641925,hessen hanau/offenbach
Entdeckung,3.204552603084876,-0.007636174087182099,0.005920734743734571,-0.020518032727348798,0.0301262417767301,Entdeckung
nach entdeckung,3.204552603084876,-0.007636174087182099,0.005920734743734571,-0.020518032727348798,0.0301262417767301,nach entdeckung
gestohlenen,3.1676855069058165,-0.007855727062300902,0.006474852409886157,-0.021003202112678813,0.030446748524620128,gestohlenen
entdeckung ge+stehl+en+en,3.1676855069058165,-0.007855727062300902,0.006474852409886157,-0.021003202112678813,0.030446748524620128,entdeckung ge+stehl+en+en
Kühlwagens,3.1405475128415796,-0.008020225448845493,0.006890317360173216,-0.021366631578236532,0.0306859769673742,Kühlwagens
ge+stehl+en+en kühl+wagen+s,3.1405475128415796,-0.008020225448845493,0.006890317360173216,-0.021366631578236532,0.0306859769673742,ge+stehl+en+en kühl+wagen+s
Hanauer,3.1091825896696252,-0.008213484182308693,0.007378740886172201,-0.02179351533797056,0.030966043036566953,Hanauer
kühl+wagen+s hanauer,3.1091825896696252,-0.008213484182308693,0.007378740886172201,-0.02179351533797056,0.030966043036566953,kühl+wagen+s hanauer
Tafel,3.0934934681528503,-0.0083114468789377,0.007626452997724501,-0.022009867022281842,0.031107602573417485,Tafel
hanauer tafel,3.0934934681528503,-0.0083114468789377,0.007626452997724501,-0.022009867022281842,0.031107602573417485,hanauer tafel
genaue,3.064041032158884,-0.008497731693629794,0.008097739299441223,-0.022421214121501713,0.031376041633063616,genaue
tafel genau+e,3.064041032158884,-0.008497731693629794,0.008097739299441223,-0.022421214121501713,0.031376041633063616,tafel genau+e
Untersuchung,3.051893232892001,-0.008575488602693427,0.008294550388179495,-0.022592889008688145,0.03148780119319843,Untersuchung
genau+e untersuchung,3.051893232892001,-0.008575488602693427,0.008294550388179495,-0.022592889008688145,0.03148780119319843,genau+e untersuchung
Fahrzeugs,3.0240630471221395,-0.008755704358303454,0.008750901983660141,-0.022990720702715125,0.03174617257955121,Fahrzeugs
untersuchung fahrzeug+s,3.0240630471221395,-0.008755704358303454,0.008750901983660141,-0.022990720702715125,0.03174617257955121,untersuchung fahrzeug+s
Hinweise,3.0087023630595637,-0.008856434280922981,0.0090060998199469,-0.02321305119748878,0.03189019179294211,Hinweise
fahrzeug+s hinweis+e,3.0087023630595637,-0.008856434280922981,0.0090060998199469,-0.02321305119748878,0.03189019179294211,fahrzeug+s hinweis+e
Täter,2.971824277456618,-0.009102026088203513,0.009628671881675597,-0.023755019502712756,0.03224014792897387,Täter
hinweis+e täter,2.971824277456618,-0.009102026088203513,0.009628671881675597,-0.023755019502712756,0.03224014792897387,hinweis+e täter
bringen,2.963880187835734,-0.009155638720000877,0.009764648021934066,-0.023873312271414277,0.0323163217027854,bringen
täter bring+en,2.963880187835734,-0.009155638720000877,0.009764648021934066,-0.023873312271414277,0.0323163217027854,täter bring+en
gab,2.948565945771439,-0.0092597135205586,0.010028679527109912,-0.024102927482401774,0.032463967397463135,gab
Spurensicherungsmaßnahmen…,2.943622958771817,-0.009293510937256106,0.010114441214771291,-0.024177487711413728,0.03251185017755162,Spurensicherungsmaßnahmen…
geb spurensicherungsmaßnahmen…,2.943622958771817,-0.009293510937256106,0.010114441214771291,-0.024177487711413728,0.03251185017755162,geb spurensicherungsmaßnahmen…
+266,2.9110798141799226,-0.009518566641516044,0.010685768608915888,-0.02467391472391341,0.03282990405001387,+266
spurensicherungsmaßnahmen… +266,2.9110798141799226,-0.009518566641516044,0.010685768608915888,-0.02467391472391341,0.03282990405001387,spurensicherungsmaßnahmen… +266
+266 chars,2.906050405835912,-0.009705294099372812,0.01063427560043686,-0.024384031495515497,0.032735237108227476,+266 chars
Mix,10.691579855279599,0.008205689746196789,-0.032548829338417684,0.014872921631808948,0.0028790238109460088,Mix
vorhersage mix,10.691579855279599,0.008205689746196789,-0.032548829338417684,0.014872921631808948,0.0028790238109460088,vorhersage mix
mix nebel,16.172815159375777,0.011727626829099481,-0.040699478617694296,0.022832825171498716,-0.004288362628939758,mix nebel
nebel sonne,21.186238758926123,0.013713692497839611,-0.045257446886651335,0.027327521918431706,-0.008474740013865695,nebel sonne
sonne regen,9.253025353925066,0.006813122474358593,-0.029293505424213842,0.011731945765953359,0.005611307604392375,sonne regen
Wetteränderung,7.67526396827695,0.02936084486826044,-0.03366188258888422,-0.002100144480350643,0.0003161643368211236,Wetteränderung
regen wetter+änderung,7.67526396827695,0.02936084486826044,-0.03366188258888422,-0.002100144480350643,0.0003161643368211236,regen wetter+änderung
wetter+änderung sicht,7.275262387233138,0.2332524068350974,-0.12038772730609583,-0.09644610504528008,-0.08729407610306504,wetter+änderung sicht
Offenbach,7.156355951752575,0.053039983250589555,0.014066977944617523,-0.03872022597655944,-0.03148795561567838,Offenbach
sicht offenbach,4.502831543975908,0.10969364662272198,-0.050913959844966945,-0.053629282364498126,-0.02189405938214843,sicht offenbach
Große,6.148462769289262,0.0486312124476739,-0.03565539215041691,-0.01656988853564678,-0.003190837456163633,Große
offenbach groß+e,4.2086180611564545,0.05986661808943118,-0.028858528577733713,-0.03503580853855873,-0.0004756212758008651,offenbach groß+e
Wetteränderungen,5.266385388411372,0.04418732811930952,-0.029806561888999376,-0.020056794579397772,0.0013055497713071675,Wetteränderungen
groß+e wetter+änderung+en,5.266385388411372,0.04418732811930952,-0.029806561888999376,-0.020056794579397772,0.0013055497713071675,groß+e wetter+änderung+en
wetter+änderung+en deutschland,4.915394751789343,0.025684232544226544,-0.020915061585843272,-0.015203215521190652,0.009554547786853133,wetter+änderung+en deutschland
deutschland komm+end+en,4.725623705833282,0.019084897813401076,-0.01731941790789482,-0.014094350368269608,0.01273753560145851,deutschland komm+end+en
komm+end+en tag+en,7.343622857488503,0.014802779390653983,-0.027309505005312356,0.0022588402291874774,0.0064492503505572465,komm+end+en tag+en
erwarten,4.531269271835688,0.01378073145035043,-0.014099956814330203,-0.01364351577726049,0.015482574783514369,erwarten
tag+en erwart+en,4.531269271835688,0.01378073145035043,-0.014099956814330203,-0.01364351577726049,0.015482574783514369,tag+en erwart+en
Ein,4.465784636073129,0.01224059398441032,-0.013086013670494808,-0.01361512684881542,0.016323864936593102,Ein
Hoch,4.441150589331098,0.011688204783462596,-0.01271163311726401,-0.013618624727606603,0.016631526159081738,Hoch
ein hoch,4.441150589331098,0.011688204783462596,-0.01271163311726401,-0.013618624727606603,0.016631526159081738,ein hoch
Namen,4.366455891945793,0.010095142860972375,-0.011596455854817887,-0.013673673193522211,0.017538261249711206,Namen
hoch name+n,4.366455891945793,0.010095142860972375,-0.011596455854817887,-0.013673673193522211,0.017538261249711206,hoch name+n
Sieglinde,4.3309152480712685,0.009364811048462237,-0.011070588055361878,-0.01371746627165851,0.01796166678496497,Sieglinde
name+n sieg+linde,4.3309152480712685,0.009364811048462237,-0.011070588055361878,-0.01371746627165851,0.01796166678496497,name+n sieg+linde
Britischen,4.235803038405091,0.007550879341777733,-0.009696141036844491,-0.01391155912481928,0.019050648797209364,Britischen
sieg+linde britisch+en,4.235803038405091,0.007550879341777733,-0.009696141036844491,-0.01391155912481928,0.019050648797209364,sieg+linde britisch+en
britisch+en kopier+e,3.2558995257735233,0.0016198009036218774,0.0020377274627785278,-0.023278974105072688,0.02649345315550936,britisch+en kopier+e
hin+zu+füg+en wie,3.1225617563306973,-0.0017174919750654021,0.004937802021974231,-0.024056244808794407,0.02856577698886801,hin+zu+füg+en wie
dominantes,5.249337406813825,0.0610707935843168,-0.036164615589317224,-0.02704884892578714,-0.005151109007787902,dominantes
wie dominant+es,5.249337406813825,0.0610707935843168,-0.036164615589317224,-0.02704884892578714,-0.005151109007787902,wie dominant+es
Hochdruckgebiet,5.041587974617349,0.04166410467095656,-0.027601040829964084,-0.020616743100503314,0.003074736931242359,Hochdruckgebiet
dominant+es hochdruck+gebiet,5.041587974617349,0.04166410467095656,-0.027601040829964084,-0.020616743100503314,0.003074736931242359,dominant+es hochdruck+gebiet
wirkt,4.822980535114061,0.028124900286691446,-0.021247333572098515,-0.01686996707992246,0.009002427530910564,wirkt
hochdruck+gebiet wirk+t,4.822980535114061,0.028124900286691446,-0.021247333572098515,-0.01686996707992246,0.009002427530910564,hochdruck+gebiet wirk+t
ehesten,4.630321001690381,0.019786282470639,-0.016950132626035876,-0.015143559466567015,0.012865713492210117,ehesten
wirk+t ehe,4.630321001690381,0.019786282470639,-0.016950132626035876,-0.015143559466567015,0.012865713492210117,wirk+t ehe
ehe sonne,7.651861934815184,0.006294371114597136,-0.025141228736048727,0.006705113126423978,0.00886743472411432,ehe sonne
geben,4.473165279697943,0.01460814197796973,-0.013992208562419409,-0.014466840552984184,0.015427265617129633,geben
sonne geb+en,4.473165279697943,0.01460814197796973,-0.013992208562419409,-0.014466840552984184,0.015427265617129633,sonne geb+en
Zumindest,4.39398867021713,0.012405545981274356,-0.012628851778508074,-0.014316598700394846,0.016575543714225965,Zumindest
zumindest frost,4.334592158767001,0.010899004501462386,-0.011648507675315932,-0.01427516340032291,0.017387395589409955,zumindest frost
erstmal,4.2801839906341055,0.009615495070517663,-0.010776988308055593,-0.014285927232514997,0.018098981075629902,erstmal
frost erstmal,4.2801839906341055,0.009615495070517663,-0.010776988308055593,-0.014285927232514997,0.018098981075629902,frost erstmal
Thema,6.826007456337339,-0.023779936122698735,0.0874484254028073,-0.03235105853688474,-0.023215697106483135,Thema
erstmal thema,4.215741480224867,0.008201580103113915,-0.0097720755531879,-0.014354205605184182,0.018907272067548046,erstmal thema
Wetteränderu…,2.91933712738265,-0.005873134298607387,0.009299134723587251,-0.02591355743755728,0.03147823935399095,Wetteränderu…
groß+e wetteränderu…,2.91933712738265,-0.005873134298607387,0.009299134723587251,-0.02591355743755728,0.03147823935399095,groß+e wetteränderu…
+1364,2.9039566438869504,-0.0065712219143018264,0.011018675493318012,-0.02649878827059364,0.03130615859231793,+1364
wetteränderu… +1364,2.9039566438869504,-0.0065712219143018264,0.011018675493318012,-0.02649878827059364,0.03130615859231793,wetteränderu… +1364
+1364 char+s,2.898265609913073,-0.0069192030335653255,0.01195400333541088,-0.026806063525385754,0.03115900611626229,+1364 char+s
sicht wie,4.502831543975908,0.10969364662272198,-0.050913959844966945,-0.053629282364498126,-0.02189405938214843,sicht wie
Inseln,3.0185504439250757,-0.003966358170175179,0.007168652250390495,-0.02490907737124382,0.03008570720372883,Inseln
britisch+en insel+n,3.0185504439250757,-0.003966358170175179,0.007168652250390495,-0.02490907737124382,0.03008570720372883,britisch+en insel+n
sei,3.0078858163940936,-0.0041817426613369214,0.0073971106164375895,-0.025008226411117045,0.03023775820446388,sei
insel+n sei,3.0078858163940936,-0.0041817426613369214,0.0073971106164375895,-0.025008226411117045,0.03023775820446388,insel+n sei
Fels,2.990368496801296,-0.0045298476203248055,0.007772518011751771,-0.0251757301573913,0.030486176003446244,Fels
sei fels,2.990368496801296,-0.0045298476203248055,0.007772518011751771,-0.0251757301573913,0.030486176003446244,sei fels
Brandung,2.9737459092994314,-0.0048538151729622895,0.008129023869749567,-0.02533999290499567,0.030720443037616826,Brandung
fels brandung,2.9737459092994314,-0.0048538151729622895,0.008129023869749567,-0.02533999290499567,0.030720443037616826,fels brandung
teilte,2.960523370842896,-0.005107218512686634,0.008412872052440207,-0.0254743354259346,0.030905828042585102,teilte
brandung teil+te,2.960523370842896,-0.005107218512686634,0.008412872052440207,-0.0254743354259346,0.030905828042585102,brandung teil+te
teil+te deutsch+e,2.946590653182067,-0.005370216962554994,0.008712283024945512,-0.025619406794940305,0.03110029169559805,teil+te deutsch+e
+1271,2.9320701181679985,-0.005640035100815611,0.009024739771780279,-0.02577442255593887,0.031302047735953034,+1271
deutsch+e +1271,2.9320701181679985,-0.005640035100815611,0.009024739771780279,-0.02577442255593887,0.031302047735953034,deutsch+e +1271
+1271 chars,2.925058996805125,-0.005768785357749397,0.009175778937937059,-0.025850664236790177,0.031399145263596454,+1271 chars
Wetter-Vorhersage,5.118713146951942,-0.15904918156782058,0.40174137390883036,-0.1655099849905906,-0.13470113946686224,Wetter-Vorhersage
Neue,3.6468756747029514,-0.09446095362318391,0.2570760290371473,-0.10640347732560035,-0.05861763334936416,Neue
wetter+-+vorhersage neu+e,3.6468756747029514,-0.09446095362318391,0.2570760290371473,-0.10640347732560035,-0.05861763334936416,wetter+-+vorhersage neu+e
Woche,5.061287527729138,-0.09697405463837658,0.26676191448083947,-0.10251841483742458,-0.07459858084656962,Woche
neu+e woche,5.061287527729138,-0.09697405463837658,0.26676191448083947,-0.10251841483742458,-0.07459858084656962,neu+e woche
beginnt,5.018333975595737,-0.07907503020498842,0.22237711177204558,-0.08445319667202957,-0.05705886407552458,beginnt
woche beginn+t,3.585575788639167,-0.0650208652339018,0.1814619946659978,-0.07669228115932242,-0.029734119584038887,woche beginn+t
trübem,3.573786862968626,-0.046866648523191924,0.13069023816013767,-0.058218384019609826,-0.012237756859278517,trübem
beginn+t trüb+em,3.573786862968626,-0.046866648523191924,0.13069023816013767,-0.058218384019609826,-0.012237756859278517,beginn+t trüb+em
Herbstwetter,14.572818613984937,0.004764386660383966,-0.016909382108413216,0.014762314741557033,-0.008556257149059193,Herbstwetter
trüb+em herbst+wetter,3.5797799971489557,-0.03919028973199893,0.10817335218849335,-0.05034246435583195,-0.0049729242819212,trüb+em herbst+wetter
herbst+wetter offenbach,3.607311477212925,-0.027923098692971538,0.07392613968792075,-0.03867510973169613,0.005467064775722511,herbst+wetter offenbach
lhe,3.6441900443511708,-0.020212510025335247,0.04963739921294879,-0.030591024320591124,0.012403155314329459,lhe
offenbach lhe,3.6441900443511708,-0.020212510025335247,0.04963739921294879,-0.030591024320591124,0.012403155314329459,offenbach lhe
Mit,7.100134897588623,-0.0007390673133201327,-0.006058214087768569,0.0005851548928773244,0.006376705460777128,Mit
lhe mit,3.6737085109506924,-0.01584287180761394,0.03555636073872275,-0.02596416951913716,0.016238053042231138,lhe mit
vielen,3.692732295942754,-0.013480165629451842,0.02784559578564281,-0.02344678539714924,0.018278653221622775,vielen
mit viel+en,3.692732295942754,-0.013480165629451842,0.02784559578564281,-0.02344678539714924,0.018278653221622775,mit viel+en
viel+en wolke+n,3.7300009067147673,-0.009523066849564787,0.01477698164052415,-0.019204029623076043,0.02163982534102027,viel+en wolke+n
wolke+n regen,3.8035905415601285,-0.004593849307477426,-0.001707350681305074,-0.013781678997502513,0.02553701988354769,wolke+n regen
regen sprüh+regen,3.9105996876710556,-0.00413533899149278,-0.00284822990639484,-0.01276413278195107,0.024820554092558678,regen sprüh+regen
sprüh+regen beginn+t,3.585575788639167,-0.0650208652339018,0.1814619946659978,-0.07669228115932242,-0.029734119584038887,sprüh+regen beginn+t
neue,4.217979024347202,-0.002928337901659308,-0.005839653744568707,-0.010082421009365771,0.02290211544602983,neue
beginn+t neu+e,4.217979024347202,-0.002928337901659308,-0.005839653744568707,-0.010082421009365771,0.02290211544602983,beginn+t neu+e
woche hessen,4.502924319094402,-0.0019336164011999528,-0.008291544945190523,-0.007868899383539671,0.02128509885980686,woche hessen
Auf,7.641424664696006,0.004812325335658311,-0.024577098289336977,0.00722760945165184,0.009427097116627993,Auf
Straßen,5.031677379932284,-0.00033728772863266855,-0.012199892695399126,-0.004309930763241589,0.0186205561542835,Straßen
auf straße+n,5.031677379932284,-0.00033728772863266855,-0.012199892695399126,-0.004309930763241589,0.0186205561542835,auf straße+n
straße+n morgen,6.22084968274966,0.0024287278691885756,-0.01889202725608367,0.0018766802739976411,0.013796369383054475,straße+n morgen
morgen nebel,9.644819142809112,0.007222519131332943,-0.03025273388608458,0.012654887232120205,0.004814408573330713,morgen nebel
gerechnet,7.069477500652981,0.003941515074412533,-0.02250877345728534,0.005270710706274618,0.011045934781640699,gerechnet
nebel ge+rechn+et,7.069477500652981,0.003941515074412533,-0.02250877345728534,0.005270710706274618,0.011045934781640699,nebel ge+rechn+et
ge+rechn+et kopier+e,5.176450345098262,5.310316057427026e-05,-0.013150614911532547,-0.003438289996671507,0.0179556970629919,ge+rechn+et kopier+e
merk+liste hinzu+füg+en,4.080370907221104,-0.003449812668409592,-0.004549381078700353,-0.01124158746674459,0.023736771207882704,merk+liste hinzu+füg+en
Der,3.9322532715717093,-0.0040451322205794366,-0.00307239769917714,-0.012563867064639125,0.024678807112718523,Der
hinzu+füg+en der,3.9322532715717093,-0.0040451322205794366,-0.00307239769917714,-0.012563867064639125,0.024678807112718523,hinzu+füg+en der
Himmel,3.889679733746743,-0.004223294968890555,-0.002629563906087256,-0.012959377750603022,0.024958513291584758,Himmel
der himmel,3.889679733746743,-0.004223294968890555,-0.002629563906087256,-0.012959377750603022,0.024958513291584758,der himmel
himmel grau,3.786050922460611,-0.0046710955155883326,-0.0015149064293884947,-0.013953045054975341,0.0256570670276621,himmel grau
regnerisch,3.7947545645613876,-0.004632687987547178,-0.0016105999937431304,-0.013867842492998257,0.025597402073537372,regnerisch
grau regnerisch,3.7947545645613876,-0.004632687987547178,-0.0016105999937431304,-0.013867842492998257,0.025597402073537372,grau regnerisch
regnerisch wetter,3.9662075291227175,-0.003905358023173919,-0.003419554046692322,-0.012253508934733233,0.024458655871490296,regnerisch wetter
herbstlich,4.108658621168852,-0.00334023041457539,-0.004820791969263182,-0.010998071930088145,0.023562115332669616,herbstlich
wetter herbstlich,4.108658621168852,-0.00334023041457539,-0.004820791969263182,-0.010998071930088145,0.023562115332669616,wetter herbstlich
herbstlich hessen,4.347093700636429,-0.002464215348963918,-0.006985211255011053,-0.009050018135263165,0.022151730837220468,herbstlich hessen
Autofahrerinnen,4.527932073022427,-0.0018512812945614466,-0.00849393427544182,-0.007685539175424805,0.021149776145834954,Autofahrerinnen
Autofahrer,4.527932073022427,-0.0018512812945614466,-0.00849393427544182,-0.007685539175424805,0.021149776145834954,Autofahrer
auto+fahrer+in+nen auto+fahrer,4.527932073022427,-0.0018512812945614466,-0.00849393427544182,-0.007685539175424805,0.021149776145834954,auto+fahrer+in+nen auto+fahrer
müssen,7.368507251078752,0.004409655060213965,-0.02362190030920298,0.0063224421681111155,0.010178869077608226,müssen
auto+fahrer müss+en,6.22084968274966,0.0024287278691885756,-0.01889202725608367,0.0018766802739976411,0.013796369383054475,auto+fahrer müss+en
müss+en nebel,9.644819142809112,0.007222519131332943,-0.03025273388608458,0.012654887232120205,0.004814408573330713,müss+en nebel
rechnen,8.117433579945489,0.0054649503470335275,-0.026120874129863986,0.008695646495357626,0.008197048598721791,rechnen
nebel rechn+en,7.069477500652981,0.003941515074412533,-0.02250877345728534,0.005270710706274618,0.011045934781640699,nebel rechn+en
viele…,5.408429971974488,0.0006433549567031472,-0.01458420589189865,-0.0021194556309644223,0.01694049828286831,viele…
mit viele…,5.408429971974488,0.0006433549567031472,-0.01458420589189865,-0.0021194556309644223,0.01694049828286831,mit viele…
+868,4.987830340672824,-0.0004591251196728813,-0.011902767768669054,-0.004581858745032069,0.01882698171828315,+868
viele… +868,4.987830340672824,-0.0004591251196728813,-0.011902767768669054,-0.004581858745032069,0.01882698171828315,viele… +868
+868 chars,4.794960690063677,-0.001016393622015539,-0.010541266818907213,-0.0058249986777274875,0.01976467732944481,+868 chars
vorhersage nebel,16.172815159375777,0.011727626829099481,-0.040699478617694296,0.022832825171498716,-0.004288362628939758,vorhersage nebel
sonne dwd,11.521867401725814,0.008890637259743523,-0.03414254411374422,0.016419370996688838,0.0015131036413988037,sonne dwd
dwd erwart+et,10.839005346446266,0.008332862490609346,-0.03284508571609524,0.01515997652953282,0.002626492631740965,dwd erwart+et
trockenes,13.126332798007736,0.010031083281919017,-0.03678627914323932,0.018996130145618722,-0.0007919885186541525,trockenes
erwart+et trocken+es,9.74157031793577,0.007319854552287077,-0.030480517284253914,0.012874378549374501,0.004624156329303388,erwart+et trocken+es
trocken+es herbst+wetter,8.91931878911935,0.006443628678431151,-0.028426125159726777,0.010899315601762315,0.0063259015007698215,trocken+es herbst+wetter
Stuttgart,4.270552438023449,-0.0027365382893247306,-0.006313381515000844,-0.009655861402148832,0.022592880847425233,Stuttgart
herbst+wetter stuttgart,4.270552438023449,-0.0027365382893247306,-0.006313381515000844,-0.009655861402148832,0.022592880847425233,herbst+wetter stuttgart
lsw,4.09436658554975,-0.003395436925267227,-0.004684075826092796,-0.011120757450741967,0.023650154236802726,lsw
stuttgart isw,4.09436658554975,-0.003395436925267227,-0.004684075826092796,-0.011120757450741967,0.023650154236802726,stuttgart isw
isw der,4.002080395353866,-0.003759860727301663,-0.003780679803329581,-0.011930379475336447,0.02422882198993062,isw der
der mensch+en,8.493348715555918,0.005940949690097362,-0.02724351969712328,0.009767124374805113,0.00729092628567306,der mensch+en
Südwesten,13.404569916505055,0.008797044215441634,-0.03211842554188913,0.017970904577134628,-0.0025296317724397724,Südwesten
mensch+en süd+westen,6.931150730826701,0.0037145661518329996,-0.021968115611138213,0.004761082257000877,0.011463580655201935,mensch+en süd+westen
süd+westen komm+end+en,5.169012437709216,3.3476535275721794e-05,-0.013102866344917008,-0.0034821231411600495,0.017989247439594538,süd+westen komm+end+en
tag+en trocken+es,6.1701568417768735,0.002328246398952856,-0.018650718711072954,0.0016515006692639912,0.013976256606084845,tag+en trocken+es
ruhiges,6.732791869929334,0.0033766875912719656,-0.021161938397884727,0.004002647861984015,0.012082089483858404,ruhiges
trocken+es ruhig+es,5.0118150743480046,-0.0003922652179079933,-0.012065843337133042,-0.004432640684914959,0.01871376589703877,trocken+es ruhig+es
ruhig+es herbst+wetter,7.378910344573394,0.004425418293646218,-0.023659332266049066,0.0063578675415375185,0.010149543163759173,ruhig+es herbst+wetter
einstellen,5.10434261715697,-0.00013910777622680207,-0.012682774713214448,-0.003867509680151572,0.01828369810008132,einstellen
herbst+wetter ein+stell+en,5.10434261715697,-0.00013910777622680207,-0.012682774713214448,-0.003867509680151572,0.01828369810008132,herbst+wetter ein+stell+en
wie kopier+e,4.138175314770228,-0.0032272268056316145,-0.005100524654781008,-0.010746914122522896,0.02338159602909547,wie kopier+e
Morgens,6.669202787247084,0.0032651038141499776,-0.020895368939862134,0.0037522542062422243,0.012285487807120325,Morgens
hin+zu+füg+en morgen+s,6.669202787247084,0.0032651038141499776,-0.020895368939862134,0.0037522542062422243,0.012285487807120325,hin+zu+füg+en morgen+s
morgen+s nebel,9.644819142809112,0.007222519131332943,-0.03025273388608458,0.012654887232120205,0.004814408573330713,morgen+s nebel
nachmittags,6.856248892889491,0.0035887504673052083,-0.021668095413971994,0.004478623118946666,0.011694353188465253,nachmittags
nebel nachmittags,6.856248892889491,0.0035887504673052083,-0.021668095413971994,0.004478623118946666,0.011694353188465253,nebel nachmittags
nachmittags sonne,5.475294378209603,0.0008060213464578281,-0.014978467323790441,-0.001755798253703094,0.016658607061306733,nachmittags sonne
Tagsüber,5.077610452010001,-0.00021148173511261544,-0.012506489833397022,-0.004029093860737713,0.018406872609317136,Tagsüber
sonne tagsüber,5.077610452010001,-0.00021148173511261544,-0.012506489833397022,-0.004029093860737713,0.018406872609317136,sonne tagsüber
tagsüber grad,4.28895805864691,-0.0026703165381421925,-0.006476837635855794,-0.009508558055929723,0.022485830806207037,tagsüber grad
warm,4.201277477243034,-0.002990105272272038,-0.005686997452953193,-0.010219765979521596,0.023001443725018847,warm
grad warm,4.201277477243034,-0.002990105272272038,-0.005686997452953193,-0.010219765979521596,0.023001443725018847,grad warm
Doch,4.014496516592139,-0.003710012398367425,-0.00390434608791764,-0.011819658217502794,0.02414992214994567,Doch
nachts,13.896764183903887,0.010509861495468984,-0.03789282017413505,0.02007850873897925,-0.0017707726786853877,nachts
doch nachts,3.9546849530768275,-0.003952564224573817,-0.0033023340039607958,-0.012358333449667013,0.024533078232619174,doch nachts
droht,3.879481938104293,-0.004266461349096,-0.0025222156881985467,-0.01305519004347074,0.02502612939137723,droht
nachts droh+t,3.879481938104293,-0.004266461349096,-0.0025222156881985467,-0.01305519004347074,0.02502612939137723,nachts droh+t
droh+t frost,3.821673338998869,-0.004514841761844985,-0.0019041124450583037,-0.01360638708109597,0.025414040006804813,droh+t frost
Bodennähe,3.744405902513755,-0.004856965963953925,-0.0010515677293205191,-0.014365314738556786,0.025945153379612635,Bodennähe
frost boden+nähe,3.744405902513755,-0.004856965963953925,-0.0010515677293205191,-0.014365314738556786,0.025945153379612635,frost boden+nähe
+1247,3.4827359728451794,-0.006111127068338268,0.0020847994320694436,-0.01714447795346148,0.027860889938176356,+1247
süd+westen +1247,3.4827359728451794,-0.006111127068338268,0.0020847994320694436,-0.01714447795346148,0.027860889938176356,süd+westen +1247
+1247 chars,3.4543707945387925,-0.006256847582003695,0.0024503082319451237,-0.017467098314000708,0.02808034838894752,+1247 chars
Hier,4.2929537683123105,-0.007968362929021587,0.011682201387636938,-0.014887686041845585,0.01736105620772852,Hier
herbst+wetter hier,4.2929537683123105,-0.007968362929021587,0.011682201387636938,-0.014887686041845585,0.01736105620772852,herbst+wetter hier
finden,4.230612400944536,-0.013900297137493937,0.03128965551000154,-0.02120426842270062,0.012249549532739922,finden
hier find+en,4.230612400944536,-0.013900297137493937,0.03128965551000154,-0.02120426842270062,0.012249549532739922,hier find+en
Sie,8.063583661423934,-0.0028337834095652605,0.002768378254409361,0.00019945619063426506,0.0003552702783507378,Sie
find+en sie,4.213128628384966,-0.021177795184813032,0.054875952181724225,-0.028697482501704296,0.005431027649913913,find+en sie
Informationen,4.2865011203931465,-0.023072275496050808,0.061158567930393225,-0.0303019362033003,0.0029192735012399783,Informationen
sie information+en,4.2865011203931465,-0.023072275496050808,0.061158567930393225,-0.0303019362033003,0.0029192735012399783,sie information+en
information+en thema,4.905227171232106,-0.05144041393447573,0.1478793725097114,-0.05673318047195006,-0.02960907108500823,information+en thema
thema vorhersage,6.485951965863551,-0.059306271202556785,0.17294072059095897,-0.06016038500418223,-0.047259947309506084,thema vorhersage
Lesen,5.661728227324936,-0.005803651575850702,0.008309272121205873,-0.007936230606908318,0.009097110764247475,Lesen
les+en sie,6.22084968274966,0.0024287278691885756,-0.01889202725608367,0.0018766802739976411,0.013796369383054475,les+en sie
sie nebel,9.644819142809112,0.007222519131332943,-0.03025273388608458,0.012654887232120205,0.004814408573330713,sie nebel
berichtete,3.2149995884300115,-0.007574761977139109,0.00576582194227218,-0.020382301861201695,0.030036342032696495,berichtete
dwd bericht+ete,3.2149995884300115,-0.007574761977139109,0.00576582194227218,-0.020382301861201695,0.030036342032696495,dwd bericht+ete
heute,3.165348409711757,-0.007869796076102383,0.00651037590166003,-0.02103428772350433,0.030467239324305447,heute
bericht+ete heute,3.165348409711757,-0.007869796076102383,0.00651037590166003,-0.02103428772350433,0.030467239324305447,bericht+ete heute
Vormittag,3.1516192917676102,-0.00795281301549775,0.006720026822847967,-0.02121770421828203,0.030588033525423292,Vormittag
heute vormittag,3.1516192917676102,-0.00795281301549775,0.006720026822847967,-0.02121770421828203,0.030588033525423292,heute vormittag
wied…,3.129794027502959,-0.008086100741664961,0.007056765604703645,-0.021512152100053274,0.030781561552121785,wied…
vormittag wied…,3.129794027502959,-0.008086100741664961,0.007056765604703645,-0.021512152100053274,0.030781561552121785,vormittag wied…
+1115,3.115245351907918,-0.008175861047294786,0.00728362889701113,-0.021710417933757376,0.03091160386390489,+1115
wied… +1115,3.115245351907918,-0.008175861047294786,0.00728362889701113,-0.021710417933757376,0.03091160386390489,wied… +1115
+1115 chars,3.1032191426819735,-0.008250617157119755,0.0074726264212411535,-0.021875526703187747,0.03101973353046309,+1115 chars
Trübes,4.366431915932328,-0.05318270142042063,0.1513542431305603,-0.060631649134498214,-0.02672430089389528,Trübes
vorhersage trüb+es,4.366431915932328,-0.05318270142042063,0.1513542431305603,-0.060631649134498214,-0.02672430089389528,vorhersage trüb+es
trüb+es woche+n+ende,4.401559062622693,-0.032952153408491516,0.0922401569006823,-0.039871476521315403,-0.0076227342717414045,trüb+es woche+n+ende
woche+n+ende süd+westen,4.603460679558171,-0.0067069372364688675,0.008440460686473607,-0.012332195102603461,0.0158432588651408,woche+n+ende süd+westen
Feldberg,7.901015649622542,0.005175598337247367,-0.025437073701847716,0.008044619018435928,0.008744175805350822,Feldberg
süd+westen feldberg,4.987830340672824,-0.0004591251196728813,-0.011902767768669054,-0.004581858745032069,0.01882698171828315,süd+westen feldberg
feldberg erwart+et,5.475294378209603,0.0008060213464578281,-0.014978467323790441,-0.001755798253703094,0.016658607061306733,feldberg erwart+et
erwart+et sturmbö+en,6.354825913044285,0.00268824518372288,-0.01951463850452628,0.002458410103960604,0.013330149846693598,erwart+et sturmbö+en
sturmbö+en nebel,9.644819142809112,0.007222519131332943,-0.03025273388608458,0.012654887232120205,0.004814408573330713,sturmbö+en nebel
morgens,11.427048458327548,0.008816094847319924,-0.03396932511557799,0.01625102740734478,0.0016624416559310536,morgens
nebel morgens,11.427048458327548,0.008816094847319924,-0.03396932511557799,0.01625102740734478,0.0016624416559310536,nebel morgens
morgens nebel,16.172815159375777,0.011727626829099481,-0.040699478617694296,0.022832825171498716,-0.004288362628939758,morgens nebel
nebel nachts,11.427048458327548,0.008816094847319924,-0.03396932511557799,0.01625102740734478,0.0016624416559310536,nebel nachts
nachts viel+e,8.769936511645504,0.006271496337937785,-0.028021503446776078,0.010511545122493741,0.0066572869925375635,nachts viel+e
gestaltet,6.669202787247086,0.0032651038141495352,-0.020895368939862474,0.003752254206242003,0.012285487807119886,gestaltet
süd+westen gestalt+et,6.669202787247086,0.0032651038141495352,-0.020895368939862474,0.003752254206242003,0.012285487807119886,süd+westen gestalt+et
gestalt+et woche+n+ende,6.0148072709759655,0.002012097513771648,-0.017890596389211144,0.0009432215759189957,0.014539960313913544,gestalt+et woche+n+ende
trotz,5.746795748351141,0.0014353559517751794,-0.01650046623417868,-0.0003480353325466067,0.015559380657852048,trotz
woche+n+ende trotz,5.746795748351141,0.0014353559517751794,-0.01650046623417868,-0.0003480353325466067,0.015559380657852048,woche+n+ende trotz
gelegentlicher,5.6224772329785795,0.0011531789761006193,-0.01581870042712617,-0.000979400054957151,0.016053941316198705,gelegentlicher
trotz gelegentlich+er,5.6224772329785795,0.0011531789761006193,-0.01581870042712617,-0.000979400054957151,0.016053941316198705,trotz gelegentlich+er
gelegentlich+er sonne,5.360858049397006,0.0005256538940277734,-0.01429870775171323,-0.0023825339419140585,0.01714389694215145,gelegentlich+er sonne
eher,5.271664348364562,0.00030040441212988365,-0.013751821222801774,-0.002885870384180983,0.017531815865718368,eher
sonne eher,5.271664348364562,0.00030040441212988365,-0.013751821222801774,-0.002885870384180983,0.017531815865718368,sonne eher
trüb,5.345459394862049,0.00048719642834665894,-0.014205384329780742,-0.0024684818299386033,0.017210251386934033,trüb
eher trüb,5.345459394862049,0.00048719642834665894,-0.014205384329780742,-0.0024684818299386033,0.017210251386934033,eher trüb
auf feldberg,5.309284419714915,0.00039614924305918323,-0.013984364372753775,-0.0026719420436779272,0.017367140503982133,auf feldberg
stürmisch,4.09436658554975,-0.003395436925267227,-0.004684075826092796,-0.011120757450741967,0.023650154236802726,stürmisch
feldberg stürmisch,4.09436658554975,-0.003395436925267227,-0.004684075826092796,-0.011120757450741967,0.023650154236802726,feldberg stürmisch
+1132,3.518079797286893,-0.00593239484994927,0.0016367927971443214,-0.01674868987634194,0.0275908343868523,+1132
feldberg +1132,3.518079797286893,-0.00593239484994927,0.0016367927971443214,-0.01674868987634194,0.0275908343868523,feldberg +1132
+1132 chars,3.4876307456625937,-0.006086188183063967,0.002022267876901414,-0.017089258170292786,0.02782326686208213,+1132 chars
wetter+-+vorhersage woche+n+ende,3.5673300077526005,-0.10023091033753775,0.27070853195214856,-0.11278570677956354,-0.06313505976692872,wetter+-+vorhersage woche+n+ende
vielerorts,3.4856757764987023,-0.06181073218105449,0.17236992321844363,-0.0740281937433593,-0.025404209926224414,vielerorts
woche+n+ende vielerorts,3.4856757764987023,-0.06181073218105449,0.17236992321844363,-0.0740281937433593,-0.025404209926224414,woche+n+ende vielerorts
sonnig,3.4765225467388423,-0.047709556657160306,0.1327413004690419,-0.05967578329916243,-0.011817632681992093,sonnig
vielerorts sonnig,3.4765225467388423,-0.047709556657160306,0.1327413004690419,-0.05967578329916243,-0.011817632681992093,vielerorts sonnig
Nachtfrost,3.4816901443853516,-0.039126122150304,0.10758461277389995,-0.050873430959651716,-0.003683448869471627,Nachtfrost
sonnig nacht+frost,3.4816901443853516,-0.039126122150304,0.10758461277389995,-0.050873430959651716,-0.003683448869471627,sonnig nacht+frost
Osten,4.860119737499922,-0.015894821730172502,0.039820722436492144,-0.02072738989115177,0.0049383293002784705,Osten
nacht+frost osten,3.504833385809806,-0.028676627294251612,0.07584593472454763,-0.04005604687663898,0.006009301055736631,nacht+frost osten
osten offenbach,3.519350822034828,-0.02489306845100826,0.0640431016740957,-0.03610331918300519,0.0094441275199432,osten offenbach
Vielerorts,4.715028338708443,-0.009967553868978166,0.019792395947185973,-0.015226383174799326,0.011790305840369534,Vielerorts
offenbach vielerorts,3.5558976560869104,-0.018132196299775905,0.04253044104758428,-0.028980244173722906,0.015456734770062472,offenbach vielerorts
kommt,3.5982243454695833,-0.012585611288735213,0.024470094467116673,-0.023069510790693984,0.020248822581393176,kommt
vielerorts komm+t,3.5982243454695833,-0.012585611288735213,0.024470094467116673,-0.023069510790693984,0.020248822581393176,vielerorts komm+t
komm+t sonne,3.644594862527486,-0.007886436955560749,0.008873197784337558,-0.018007734667084083,0.024194487894284234,komm+t sonne
heraus,3.67643228528707,-0.00516803527585752,-0.0002752632726504997,-0.015055053599110716,0.026424861238856553,heraus
sonne heraus,3.67643228528707,-0.00516803527585752,-0.0002752632726504997,-0.015055053599110716,0.026424861238856553,sonne heraus
heraus trocken,3.8403282930415554,-0.0044339964609405695,-0.002105376867727452,-0.013426998424499237,0.02528799452332565,heraus trocken
Das,3.9322532715717093,-0.0040451322205794366,-0.00307239769917714,-0.012563867064639125,0.024678807112718523,Das
trocken der,3.9322532715717093,-0.0040451322205794366,-0.00307239769917714,-0.012563867064639125,0.024678807112718523,trocken der
der woche+n+ende,3.5673300077526005,-0.10023091033753775,0.27070853195214856,-0.11278570677956354,-0.06313505976692872,der woche+n+ende
woche+n+ende bring+t,4.123257762333758,-0.003284168833947243,-0.004959587920668896,-0.010873476445538053,0.023472611066047214,woche+n+ende bring+t
Teilen,4.235080889295569,-0.0028655112540079118,-0.0059948798832690055,-0.009942708275506413,0.02280095491191443,Teilen
bring+t teil+en,4.235080889295569,-0.0028655112540079118,-0.0059948798832690055,-0.009942708275506413,0.02280095491191443,bring+t teil+en
Deutschlands,5.642771571301102,0.001199915248170557,-0.01593169357878694,-0.0008748467539498818,0.015972219125887727,Deutschlands
teil+en deutschland+s,4.367519154042068,-0.002392885741410039,-0.007161030854621933,-0.00889129033118671,0.02203577369892486,teil+en deutschland+s
bestes,4.696378316404046,-0.0013155568916922646,-0.009808686468114693,-0.006491943353347332,0.02026370706970233,bestes
deutschland+s gut+es,4.696378316404046,-0.0013155568916922646,-0.009808686468114693,-0.006491943353347332,0.02026370706970233,deutschland+s gut+es
Ausflugswetter,4.9459139366419524,-0.0005772306583583611,-0.011614556726666257,-0.004845410887913085,0.01902659933567943,Ausflugswetter
gut+es ausflug+s+wetter,4.9459139366419524,-0.0005772306583583611,-0.011614556726666257,-0.004845410887913085,0.01902659933567943,gut+es ausflug+s+wetter
Anfänglicher,5.987895213786186,0.0019560251370742163,-0.01775564044050207,0.0008176345240037577,0.01463957735573592,Anfänglicher
anfänglich+er nebel,9.644819142809112,0.007222519131332943,-0.03025273388608458,0.012654887232120205,0.004814408573330713,anfänglich+er nebel
nebel kopier+e,7.069477500652981,0.003941515074412533,-0.02250877345728534,0.005270710706274618,0.011045934781640699,nebel kopier+e
herrscht,4.123257762333758,-0.003284168833947243,-0.004959587920668896,-0.010873476445538053,0.023472611066047214,herrscht
hin+zu+füg+en herrsch+t,4.123257762333758,-0.003284168833947243,-0.004959587920668896,-0.010873476445538053,0.023472611066047214,hin+zu+füg+en herrsch+t
herrsch+t ruhig+es,4.002080395353866,-0.003759860727301663,-0.003780679803329581,-0.011930379475336447,0.02422882198993062,herrsch+t ruhig+es
herbst+wetter überwieg+end,3.7774763078234774,-0.004709080725051548,-0.0014202485720756148,-0.01403730643276956,0.025716030069564768,herbst+wetter überwieg+end
überwieg+end trocken,3.6354008531174307,-0.005360607365221026,0.00020585850249348392,-0.015481905076744221,0.026720317484624192,überwieg+end trocken
mensch+en osten,3.492575489095508,-0.006061055919570345,0.0019592580704866293,-0.017033608451411806,0.027785332933856485,mensch+en osten
osten deutschland+s,3.4636399949849155,-0.006209002272646593,0.002330273995725148,-0.01736117689647956,0.02800836317743113,osten deutschland+s
deutschland+s müss+en,3.406422947273845,-0.006507931003427131,0.003080615319978126,-0.01802285099619327,0.02845698127340193,deutschland+s müss+en
müss+en nachts,3.378320157743957,-0.0066579578770416285,0.003457544506190449,-0.018354840897592095,0.028681122441898885,müss+en nachts
nachts frost,3.3374368122158575,-0.0068801215283054145,0.004016130451357584,-0.01884634817030751,0.029011802446862803,nachts frost
frost rechn+en,3.316644668133243,-0.006994931250902851,0.004304990723885277,-0.019100297380673547,0.029182116766110024,frost rechn+en
kom…,3.2509669666512653,-0.007365971637831076,0.00523941639528813,-0.019920768079856804,0.029729878932777905,kom…
vielerorts kom…,3.2509669666512653,-0.007365971637831076,0.00523941639528813,-0.019920768079856804,0.029729878932777905,vielerorts kom…
+1135,3.233967578520722,-0.007464147131083059,0.005486885716917083,-0.02013780035236202,0.029874139327503754,+1135
kom… +1135,3.233967578520722,-0.007464147131083059,0.005486885716917083,-0.02013780035236202,0.029874139327503754,kom… +1135
+1135 chars,3.2176548642443157,-0.007559208681879406,0.005726594281269197,-0.020347924981543686,0.03001355656993664,+1135 chars
